First Name,Last Name,Email,Phone Number,Job Title,Number of Employees,Company Name,Industry,Country/Region,City,State/Region,Website URL,Associated Company,Legal basis for processing contact's data,Became a Marketing Qualified Lead Date
Sarah,Blanc,sarah.blanc@irisoptique.example,+33265423511,Chargé de projet,40,Iris Optique,COMPUTER_SOFTWARE,France,Bordeaux,,https://www.irisoptique.example/accueil,Iris Optique,,2026-05-23
Victor,Petit,victor.petit@lorettefils.example,+33395931034,Directeur,120,Lorette & Fils,CONSTRUCTION,France,Lyon,,https://www.lorettefils.example/accueil,Lorette & Fils,,2025-07-31
Hugo,Benali,hugo.benali@irisoptique.example,+33628327648,Responsable achats,5,Iris Optique,CONSTRUCTION,France,Nantes,,https://www.irisoptique.example/accueil,Iris Optique,,2025-08-30
Nadia,Benali,nadia.benali@ateliernord.example,+33676724238,CTO,120,Atelier Nord,CONSTRUCTION,France,Lyon,,https://www.ateliernord.example/accueil,Atelier Nord,Legitimate interest – existing customer,2022-12-08
Manon,Fontaine,manon.fontaine@sablier.example,+33226916697,CTO,40,Sablier,CONSTRUCTION,France,Paris,,https://www.sablier.example/accueil,Sablier,,2025-12-08
Lucas,Girard,lucas.girard@kaolin.example,+33648281489,Responsable achats,500,Kaolin,COMPUTER_SOFTWARE,France,Lille,,https://www.kaolin.example/accueil,Kaolin,,2026-06-05
Julien,Roux,julien.roux@sablier.example,+33534738299,Chargé de projet,5,Sablier,COMPUTER_SOFTWARE,France,Bordeaux,,https://www.sablier.example/accueil,Sablier,,2026-02-10
Sarah,Mercier,sarah.mercier@sablier.example,+33701326773,Chargé de projet,120,Sablier,CONSTRUCTION,France,Rennes,,https://www.sablier.example/accueil,Sablier,,2025-11-23
Rémi,Nguyen,remi.nguyen@brightpath.example,+33499118384,Responsable achats,40,Brightpath,MARKETING_AND_ADVERTISING,France,Nantes,,https://www.brightpath.example/accueil,Brightpath,Consent,2025-08-25
Rémi,Perrin,remi.perrin@verso.example,+33541241182,CTO,12,Verso,CONSTRUCTION,France,Lille,,https://www.verso.example/accueil,Verso,,2026-05-17
Sophie,De la Fontaine,sophie.delafontaine@dynamolab.example,+33305331586,Responsable achats,5,Dynamo Lab,MARKETING_AND_ADVERTISING,France,Bordeaux,,https://www.dynamolab.example/accueil,Dynamo Lab,,2025-12-29
Lucas,Roux,lucas.roux@irisoptique.example,+33160733754,Responsable achats,40,Iris Optique,CONSTRUCTION,France,Rennes,,https://www.irisoptique.example/accueil,Iris Optique,Legitimate interest – existing customer,2024-09-04
Sarah,Moreau,sarah.moreau@kaolin.example,+33557986872,Chargé de projet,500,Kaolin,RETAIL,France,Bordeaux,,https://www.kaolin.example/accueil,Kaolin,Legitimate interest – existing customer,2020-07-04
Inès,Nguyen,ines.nguyen@sablier.example,+33355812236,Responsable achats,120,Sablier,CONSTRUCTION,France,Lille,,https://www.sablier.example/accueil,Sablier,,2023-04-05
Lucas,Lambert,lucas.lambert@roseaupaysage.example,+33790967054,Chargé de projet,12,Roseau Paysage,CONSTRUCTION,France,Nantes,,https://www.roseaupaysage.example/accueil,Roseau Paysage,,2021-10-02
Paul,Moreau,paul.moreau@roseaupaysage.example,+33619374529,Directeur,5,Roseau Paysage,CONSTRUCTION,France,Lille,,https://www.roseaupaysage.example/accueil,Roseau Paysage,Consent,2025-01-17
Amina,Van Damme,amina.vandamme@roseaupaysage.example,+33631491905,Chargé de projet,40,Roseau Paysage,COMPUTER_SOFTWARE,France,Rennes,,https://www.roseaupaysage.example/accueil,Roseau Paysage,,2025-08-11
Antoine,Petit,antoine.petit@lorettefils.example,+33772628498,Chargé de projet,12,Lorette & Fils,COMPUTER_SOFTWARE,France,Marseille,,https://www.lorettefils.example/accueil,Lorette & Fils,,2022-05-27
Thomas,Nguyen,thomas.nguyen@ateliernord.example,+33175273545,CTO,5,Atelier Nord,FINANCIAL_SERVICES,France,Lyon,,https://www.ateliernord.example/accueil,Atelier Nord,Legitimate interest – existing customer,2022-03-19
Olivier,Benali,olivier.benali@irisoptique.example,+33240824008,CTO,5,Iris Optique,FINANCIAL_SERVICES,France,Marseille,,https://www.irisoptique.example/accueil,Iris Optique,,2023-11-30
Paul,Perrin,paul.perrin@ateliernord.example,+33567749649,Directeur,12,Atelier Nord,CONSTRUCTION,France,Bordeaux,,https://www.ateliernord.example/accueil,Atelier Nord,Legitimate interest – existing customer,2023-12-07
Marc,Roux,marc.roux@dynamolab.example,+33206797403,CTO,12,Dynamo Lab,CONSTRUCTION,France,Rennes,,https://www.dynamolab.example/accueil,Dynamo Lab,Consent,2020-04-10
Leïla,Benali,leila.benali@lorettefils.example,+33224210249,CTO,120,Lorette & Fils,CONSTRUCTION,France,Lille,,https://www.lorettefils.example/accueil,Lorette & Fils,Consent,2025-03-05
Antoine,Nguyen,antoine.nguyen@sablier.example,+33459401399,Directeur,120,Sablier,FINANCIAL_SERVICES,France,Bordeaux,,https://www.sablier.example/accueil,Sablier,,2019-10-04
Rémi,De la Fontaine,remi.delafontaine@verso.example,+33561586578,Directeur,12,Kaolin,COMPUTER_SOFTWARE,France,Nantes,,https://www.kaolin.example/accueil,Kaolin,Legitimate interest – existing customer,2023-06-29
Hugo,Leroy,hugo.leroy@verso.example,+33374517123,Chargé de projet,5,Verso,CONSTRUCTION,France,Lille,,https://www.verso.example/accueil,Verso,Legitimate interest – existing customer,2023-05-29
Julien,Marchand,julien.marchand@kaolin.example,+33282675869,Responsable achats,500,Kaolin,RETAIL,France,Marseille,,https://www.kaolin.example/accueil,Kaolin,Legitimate interest – existing customer,2025-02-28
Camille,Moreau,camille.moreau@menhirdata.example,+33550240268,Directeur,40,Menhir Data,FINANCIAL_SERVICES,France,Lille,,https://www.menhirdata.example/accueil,Menhir Data,Legitimate interest – existing customer,2022-06-12
Sarah,Leroy,sarah.leroy@roseaupaysage.example,,Directeur,5,Roseau Paysage,CONSTRUCTION,France,Lille,,https://www.roseaupaysage.example/accueil,Roseau Paysage,Legitimate interest – existing customer,2025-12-23
Hugo,Mercier,hugo.mercier@brightpath.example,+33393689980,CTO,40,Brightpath,CONSTRUCTION,France,Paris,,https://www.brightpath.example/accueil,Brightpath,Legitimate interest – existing customer,2025-03-05
Sophie,Blanc,sophie.blanc@lorettefils.example,+33601836675,Responsable achats,500,Lorette & Fils,COMPUTER_SOFTWARE,France,Paris,,https://www.lorettefils.example/accueil,Lorette & Fils,Legitimate interest – existing customer,2025-09-06
Marc,Perrin,marc.perrin@menhirdata.example,+33467976438,Directeur,500,Menhir Data,RETAIL,France,Lille,,https://www.menhirdata.example/accueil,Menhir Data,Consent,2025-07-19
Thomas,Leroy,thomas.leroy@verso.example,+33406071596,Chargé de projet,5,Verso,RETAIL,France,Paris,,https://www.verso.example/accueil,Verso,,2022-06-29
Marc,Perrin,marc.perrin@kaolin.example,+33413696816,CTO,12,Kaolin,COMPUTER_SOFTWARE,France,Lille,,https://www.kaolin.example/accueil,Kaolin,Consent,2022-05-28
Olivier,Leroy,olivier.leroy@verso.example,+33352312432,Responsable achats,120,Verso,FINANCIAL_SERVICES,France,Rennes,,https://www.verso.example/accueil,Verso,Consent,2024-04-15
Hugo,n/a,hugo.marchand@sablier.example,+33586798079,Responsable achats,12,Sablier,COMPUTER_SOFTWARE,France,Nantes,,https://www.sablier.example/accueil,Sablier,Legitimate interest – existing customer,2025-06-14
Claire,François,claire.francois@verso.example,+33277889255,CTO,5,Verso,CONSTRUCTION,France,Paris,,https://www.verso.example/accueil,Verso,,2024-07-12
Manon,Lambert,manon.lambert@brightpath.example,+33422292706,CTO,500,Brightpath,CONSTRUCTION,France,Rennes,,https://www.brightpath.example/accueil,Brightpath,Consent,2024-12-29
Amina,François,,+33315220472,Chargé de projet,5,Brightpath,CONSTRUCTION,France,Lyon,,https://www.brightpath.example/accueil,Brightpath,Legitimate interest – existing customer,2023-12-12
Jean-Pierre,De la Fontaine,hugo.chevalier@menhirdata.example,+33331952058,CTO,12,Menhir Data,MARKETING_AND_ADVERTISING,France,Paris,,https://www.menhirdata.example/accueil,Menhir Data,Consent,2022-06-17
Nadia,Van Damme,nadia.vandamme@brightpath.example,+33620297021,Responsable achats,500,Brightpath,COMPUTER_SOFTWARE,France,Lille,,https://www.brightpath.example/accueil,Brightpath,Legitimate interest – existing customer,2020-09-16
Inès,Chevalier,ines.chevalier@kaolin.example,+33373121727,Directeur,500,Kaolin,FINANCIAL_SERVICES,France,Marseille,,https://www.kaolin.example/accueil,Kaolin,,2024-01-22
Marc,Girard,marc.girard@brightpath.example,+33132370589,CTO,5,Brightpath,COMPUTER_SOFTWARE,France,Marseille,,https://www.brightpath.example/accueil,Brightpath,,2020-10-04
Marc,Da Silva,marc.dasilva@roseaupaysage.example,+33314384249,Directeur,500,Roseau Paysage,MARKETING_AND_ADVERTISING,France,Lyon,,https://www.roseaupaysage.example/accueil,Roseau Paysage,Consent,2022-08-01
Paul,Perrin,paul.perrin@brightpath.example,+33701094396,Directeur,120,Brightpath,MARKETING_AND_ADVERTISING,France,Rennes,,https://www.brightpath.example/accueil,Brightpath,Consent,2020-02-22
Amina,Marchand,amina.marchand@kaolin.example,+33276773592,CTO,12,Kaolin,CONSTRUCTION,France,Lille,,https://www.kaolin.example/accueil,Kaolin,Consent,2025-08-24
Inès,Perrin,ines.perrin@ateliernord.example,+33165585239,Chargé de projet,12,Atelier Nord,CONSTRUCTION,France,Rennes,,https://www.ateliernord.example/accueil,Atelier Nord,,2025-02-17
Manon,Nguyen,manon.nguyen@dynamolab.example,+33395269495,Chargé de projet,5,Dynamo Lab,CONSTRUCTION,France,Marseille,,https://www.dynamolab.example/accueil,Dynamo Lab,Consent,2020-09-06
Olivier,Benali,olivier.benali@menhirdata.example,+33426368970,Responsable achats,500,Menhir Data,RETAIL,France,Marseille,,https://www.menhirdata.example/accueil,Menhir Data,Legitimate interest – existing customer,2021-07-08
Inès,Marchand,ines.marchand@sablier.example,+33566524041,CTO,12,Sablier,MARKETING_AND_ADVERTISING,France,Rennes,,https://www.sablier.example/accueil,Sablier,Consent,2020-01-13
Inès,Mercier,ines.mercier@irisoptique.example,+33593308330,Directeur,12,Iris Optique,COMPUTER_SOFTWARE,France,Lille,,https://www.irisoptique.example/accueil,Iris Optique,Legitimate interest – existing customer,2024-12-03
Lucas,Fontaine,lucas.fontaine@kaolin.example,+33354019380,Responsable achats,120,Kaolin,MARKETING_AND_ADVERTISING,France,Bordeaux,,https://www.kaolin.example/accueil,Kaolin,,2024-03-24
Marc,Duval,marc.duval@brightpath.example,+33632966851,Chargé de projet,120,Brightpath,CONSTRUCTION,France,Lyon,,https://www.brightpath.example/accueil,Brightpath,Legitimate interest – existing customer,2023-02-26
Inès,Van Damme,ines.vandamme@roseaupaysage.example,+33354990453,Directeur,12,Roseau Paysage,RETAIL,France,Bordeaux,,https://www.roseaupaysage.example/accueil,Roseau Paysage,Consent,2021-06-15
Rémi,Petit,remi.petit@irisoptique.example,+33232727956,Chargé de projet,500,Iris Optique,COMPUTER_SOFTWARE,France,Lille,,https://www.irisoptique.example/accueil,Iris Optique,,2022-05-05
Julien,Nguyen,julien.nguyen@dynamolab.example,+33490874064,Directeur,120,Dynamo Lab,CONSTRUCTION,France,Bordeaux,,https://www.dynamolab.example/accueil,Dynamo Lab,Legitimate interest – existing customer,2020-09-15
Manon,Moreau,manon.moreau@roseaupaysage.example,+33378686337,CTO,5,Roseau Paysage,RETAIL,France,Lille,,https://www.roseaupaysage.example/accueil,Roseau Paysage,Legitimate interest – existing customer,2026-06-04
Thomas,Benali,thomas.benali@sablier.example,+33179030673,Responsable achats,500,Sablier,CONSTRUCTION,France,Lille,,https://www.sablier.example/accueil,Sablier,Consent,2025-05-01
Claire,Roux,claire.roux@irisoptique.example,+33536440892,Chargé de projet,120,Iris Optique,FINANCIAL_SERVICES,France,Marseille,,https://www.irisoptique.example/accueil,Iris Optique,Consent,2024-11-09
Lucas,De la Fontaine,lucas.delafontaine@dynamolab.example,+33287334270,Chargé de projet,12,Dynamo Lab,CONSTRUCTION,France,Lyon,,https://www.dynamolab.example/accueil,Dynamo Lab,,2023-02-06
Julien,Duval,julien.duval@lorettefils.example,+33212038750,Chargé de projet,500,Lorette & Fils,FINANCIAL_SERVICES,France,Nantes,,https://www.lorettefils.example/accueil,Lorette & Fils,Legitimate interest – existing customer,2024-12-02
Camille,Leroy,camille.leroy@irisoptique.example,+33186211823,Responsable achats,40,Iris Optique,RETAIL,France,Paris,,https://www.irisoptique.example/accueil,Iris Optique,,2020-06-15
Paul,Van Damme,paul.vandamme@brightpath.example,+33777358662,Chargé de projet,5,Brightpath,COMPUTER_SOFTWARE,France,Marseille,,https://www.brightpath.example/accueil,Brightpath,Legitimate interest – existing customer,2026-02-17
Camille,François,camille.francois@brightpath.example,+33595604661,Responsable achats,12,Brightpath,MARKETING_AND_ADVERTISING,France,Marseille,,https://www.brightpath.example/accueil,Brightpath,,2020-03-31
Inès,Fontaine,ines.fontaine@dynamolab.example,+33446471543,Chargé de projet,5,Dynamo Lab,MARKETING_AND_ADVERTISING,France,Marseille,,https://www.dynamolab.example/accueil,Dynamo Lab,Legitimate interest – existing customer,2025-10-02
Claire,Van Damme,claire.vandamme@irisoptique.example,+33193982807,Responsable achats,120,Iris Optique,MARKETING_AND_ADVERTISING,France,Bordeaux,,https://www.irisoptique.example/accueil,Iris Optique,,2022-01-21
Paul,Lambert,paul.lambert@ateliernord.example,+33361014388,Responsable achats,500,Atelier Nord,FINANCIAL_SERVICES,France,Lyon,,https://www.ateliernord.example/accueil,Atelier Nord,,2021-12-25
Julien,Petit,julien.petit@menhirdata.example,+33123828258,Chargé de projet,12,Menhir Data,RETAIL,France,Nantes,,https://www.menhirdata.example/accueil,Menhir Data,Legitimate interest – existing customer,2022-08-13
Manon,Da Silva,manon.dasilva@ateliernord.example,+33491557924,Directeur,12,Atelier Nord,CONSTRUCTION,France,Paris,,https://www.ateliernord.example/accueil,Atelier Nord,Legitimate interest – existing customer,2022-02-08
Hugo,Moreau,hugo.moreau@verso.example,+33529662782,Responsable achats,40,Verso,RETAIL,France,Lille,,https://www.verso.example/accueil,Verso,Legitimate interest – existing customer,2022-02-08
Victor,Marchand,victor.marchand@dynamolab.example,+33678819148,CTO,12,Dynamo Lab,RETAIL,France,Paris,,https://www.dynamolab.example/accueil,Dynamo Lab,Consent,2021-05-02
Nadia,Nguyen,nadia.nguyen@brightpath.example,+33436374545,Responsable achats,5,Brightpath,COMPUTER_SOFTWARE,France,Bordeaux,,https://www.brightpath.example/accueil,Brightpath,,2025-10-02
Thomas,De la Fontaine,thomas.delafontaine@sablier.example,+33271293870,Directeur,12,Sablier,RETAIL,France,Paris,,https://www.sablier.example/accueil,Sablier,Legitimate interest – existing customer,2025-05-25
Amina,François,amina.francois@sablier.example,+33342622189,Directeur,40,Sablier,MARKETING_AND_ADVERTISING,France,Bordeaux,,https://www.sablier.example/accueil,Sablier,Consent,2025-04-22
Lucas,Roux,lucas.roux@menhirdata.example,+33417990421,Directeur,120,Menhir Data,CONSTRUCTION,France,Lille,,https://www.menhirdata.example/accueil,Menhir Data,Consent,2023-09-21
Inès,Girard,ines.girard@brightpath.example,+33741056481,CTO,120,Brightpath,FINANCIAL_SERVICES,France,Marseille,,https://www.brightpath.example/accueil,Brightpath,Legitimate interest – existing customer,2025-01-15
Rémi,Da Silva,remi.dasilva@sablier.example,+33153494937,CTO,12,Sablier,MARKETING_AND_ADVERTISING,France,Paris,,https://www.sablier.example/accueil,Sablier,,2020-04-05
Camille,Roux,camille.roux@verso.example,+33705064138,Responsable achats,40,Verso,COMPUTER_SOFTWARE,France,Paris,,https://www.verso.example/accueil,Verso,Legitimate interest – existing customer,2022-07-31
Manon,De la Fontaine,manon.delafontaine@brightpath.example,+33191826199,Directeur,40,Brightpath,CONSTRUCTION,France,Rennes,,https://www.brightpath.example/accueil,Brightpath,,2021-04-28
Amina,Da Silva,amina.dasilva@brightpath.example,+33213291212,Chargé de projet,500,Brightpath,CONSTRUCTION,France,Rennes,,https://www.brightpath.example/accueil,Brightpath,Legitimate interest – existing customer,2021-05-21
Camille,François,camille.francois@roseaupaysage.example,+33151070296,Chargé de projet,12,Roseau Paysage,CONSTRUCTION,France,Lyon,,https://www.roseaupaysage.example/accueil,Roseau Paysage,Legitimate interest – existing customer,2021-06-28
Julien,Fontaine,julien.fontaine@verso.example,+33532133480,Responsable achats,12,Verso,MARKETING_AND_ADVERTISING,France,Lille,,https://www.verso.example/accueil,Verso,,2022-06-15
Sophie,Girard,sophie.girard@lorettefils.example,+33328953926,CTO,12,Lorette & Fils,COMPUTER_SOFTWARE,France,Bordeaux,,https://www.lorettefils.example/accueil,Lorette & Fils,Consent,2020-12-31
Élodie,Roux,elodie.roux@sablier.example,+33710067626,Chargé de projet,120,Sablier,FINANCIAL_SERVICES,France,Bordeaux,,https://www.sablier.example/accueil,Sablier,Consent,2022-07-14
Thomas,Girard,thomas.girard@kaolin.example,+33305411526,Responsable achats,500,Kaolin,FINANCIAL_SERVICES,France,Nantes,,https://www.kaolin.example/accueil,Kaolin,Consent,2025-08-21
Sophie,Lambert,sophie.lambert@brightpath.example,+33397310324,Directeur,120,Brightpath,RETAIL,France,Bordeaux,,https://www.brightpath.example/accueil,Brightpath,,2026-06-03
Paul,Moreau,paul.moreau@sablier.example,+33233206163,Responsable achats,5,Sablier,RETAIL,France,Lille,,https://www.sablier.example/accueil,Sablier,,2021-06-05
Victor,Da Silva,victor.dasilva@irisoptique.example,+33709986162,Responsable achats,500,Iris Optique,COMPUTER_SOFTWARE,France,Rennes,,https://www.irisoptique.example/accueil,Iris Optique,,2020-08-20
Victor,O'Brien,victor.obrien@lorettefils.example,+33679970246,Responsable achats,120,Lorette & Fils,CONSTRUCTION,France,Bordeaux,,https://www.lorettefils.example/accueil,Lorette & Fils,Legitimate interest – existing customer,2023-07-03
Thomas,Chevalier,thomas.chevalier@ateliernord.example,+33646657437,CTO,5,Atelier Nord,COMPUTER_SOFTWARE,France,Lille,,https://www.ateliernord.example/accueil,Atelier Nord,Consent,2023-01-14
Sophie,Duval,sophie.duval@kaolin.example,+33466099353,Chargé de projet,500,Kaolin,MARKETING_AND_ADVERTISING,France,Marseille,,https://www.kaolin.example/accueil,Kaolin,Legitimate interest – existing customer,2023-02-24
Leïla,Blanc,leila.blanc@ateliernord.example,+33281684602,Responsable achats,120,Atelier Nord,MARKETING_AND_ADVERTISING,France,Marseille,,https://www.ateliernord.example/accueil,Atelier Nord,Consent,2025-08-31
Marc,François,marc.francois@kaolin.example,+33250074329,Responsable achats,120,Kaolin,RETAIL,France,Nantes,,https://www.kaolin.example/accueil,Kaolin,,2022-09-25
Antoine,Van Damme,antoine.vandamme@menhirdata.example,+33650583003,Responsable achats,5,Menhir Data,RETAIL,France,Lille,,https://www.menhirdata.example/accueil,Menhir Data,Consent,2026-01-15
Rémi,Girard,remi.girard@sablier.example,+33378985625,Chargé de projet,5,Sablier,MARKETING_AND_ADVERTISING,France,Lyon,,https://www.sablier.example/accueil,Sablier,Consent,2025-12-13
Sophie,Benali,sophie.benali@menhirdata.example,+33215064890,Directeur,5,Menhir Data,RETAIL,France,Nantes,,https://www.menhirdata.example/accueil,Menhir Data,,2019-11-07
Olivier,Mercier,olivier.mercier@irisoptique.example,+33230461849,Responsable achats,5,Iris Optique,COMPUTER_SOFTWARE,France,Nantes,,https://www.irisoptique.example/accueil,Iris Optique,Legitimate interest – existing customer,2021-02-21
Sophie,François,sophie.francois@verso.example,+33143744701,Responsable achats,120,Verso,COMPUTER_SOFTWARE,France,Paris,,https://www.verso.example/accueil,Verso,Legitimate interest – existing customer,2025-08-15
Camille,Moreau,camille.moreau@dynamolab.example,+33494155216,Chargé de projet,120,Dynamo Lab,MARKETING_AND_ADVERTISING,France,Paris,,https://www.dynamolab.example/accueil,Dynamo Lab,Legitimate interest – existing customer,2022-10-11
Julien,Girard,julien.girard@sablier.example,+33497296590,Responsable achats,120,Sablier,COMPUTER_SOFTWARE,France,Paris,,https://www.sablier.example/accueil,Sablier,,2021-10-18
Marc,Leroy,marc.leroy@kaolin.example,+33175354083,Chargé de projet,120,Kaolin,FINANCIAL_SERVICES,France,Nantes,,https://www.kaolin.example/accueil,Kaolin,Legitimate interest – existing customer,2020-11-26
Antoine,Nguyen,antoine.nguyen@brightpath.example,+33601660880,Directeur,500,Brightpath,MARKETING_AND_ADVERTISING,France,Bordeaux,,https://www.brightpath.example/accueil,Brightpath,Consent,2025-02-17
Sarah,Da Silva,sarah.dasilva@brightpath.example,+33775899757,Directeur,40,Brightpath,CONSTRUCTION,France,Rennes,,https://www.brightpath.example/accueil,Brightpath,Consent,2025-11-08
Olivier,De la Fontaine,,+33777982708,Directeur,12,Menhir Data,FINANCIAL_SERVICES,France,Lyon,,https://www.menhirdata.example/accueil,Menhir Data,Consent,2019-11-11
Sophie,Petit,sophie.petit@lorettefils.example,+33386693465,CTO,500,Lorette & Fils,FINANCIAL_SERVICES,France,Marseille,,https://www.lorettefils.example/accueil,Lorette & Fils,Consent,2019-09-24
Victor,Marchand,victor.marchand@lorettefils.example,+33162003424,CTO,500,Lorette & Fils,COMPUTER_SOFTWARE,France,Marseille,,https://www.lorettefils.example/accueil,Lorette & Fils,,2026-04-27
Olivier,Perrin,olivier.perrin@verso.example,+33686384066,Chargé de projet,40,Verso,MARKETING_AND_ADVERTISING,France,Lille,,https://www.verso.example/accueil,Verso,,2023-12-13
Thomas,O'Brien,thomas.obrien@ateliernord.example,+33533472122,Directeur,500,Atelier Nord,CONSTRUCTION,France,Lyon,,https://www.ateliernord.example/accueil,Atelier Nord,Legitimate interest – existing customer,2020-05-02
Amina,Van Dammee,leila.chevalier@menhirdata.example,+33620259094,Chargé de projet,40,Roseau Paysage,FINANCIAL_SERVICES,France,Lyon,,https://www.menhirdata.example/accueil,Roseau Paysage,Legitimate interest – existing customer,2022-10-04
Sarah,Roux,sarah.roux@ateliernord.example,+33656164840,CTO,5,Atelier Nord,CONSTRUCTION,France,Bordeaux,,https://www.ateliernord.example/accueil,Atelier Nord,Legitimate interest – existing customer,2023-09-24
Claire,Leroy,claire.leroy@sablier.example,+33788013361,Responsable achats,12,Sablier,COMPUTER_SOFTWARE,France,Nantes,,https://www.sablier.example/accueil,Sablier,Consent,2025-05-21
Claire,Lambert,claire.lambert@sablier.example,+33248193466,Chargé de projet,5,Sablier,RETAIL,France,Bordeaux,,https://www.sablier.example/accueil,Sablier,Legitimate interest – existing customer,2025-08-22
Victor,Duval,victor.duval@ateliernord.example,+33501581449,Directeur,5,Atelier Nord,RETAIL,France,Lyon,,https://www.ateliernord.example/accueil,Atelier Nord,Consent,2025-10-02
Hugo,Benali,hugo.benali@lorettefils.example,+33223943129,Directeur,5,Lorette & Fils,CONSTRUCTION,France,Paris,,https://www.lorettefils.example/accueil,Lorette & Fils,Legitimate interest – existing customer,2020-09-18
Claire,De la Fontaine,claire.delafontaine@dynamolab.example,+33736452577,Chargé de projet,5,Dynamo Lab,MARKETING_AND_ADVERTISING,France,Bordeaux,,https://www.dynamolab.example/accueil,Dynamo Lab,Consent,2026-05-30
Hugo,Van Damme,hugo.vandamme@roseaupaysage.example,+33742788165,Directeur,12,Roseau Paysage,RETAIL,France,Lyon,,https://www.roseaupaysage.example/accueil,Roseau Paysage,Legitimate interest – existing customer,2019-11-07
Leïla,Blanc,leila.blanc@dynamolab.example,+33137314530,Responsable achats,120,Dynamo Lab,COMPUTER_SOFTWARE,France,Paris,,https://www.dynamolab.example/accueil,Dynamo Lab,Consent,2021-01-15
Claire,Petit,claire.petit@verso.example,+33398926659,Directeur,500,Verso,RETAIL,France,Marseille,,https://www.verso.example/accueil,Verso,,2023-05-25
Antoine,Fontaine,antoine.fontaine@ateliernord.example,+33272318432,Responsable achats,120,Atelier Nord,CONSTRUCTION,France,Bordeaux,,https://www.ateliernord.example/accueil,Atelier Nord,Legitimate interest – existing customer,2026-05-22
Antoine,Fontaine,antoine.fontaine@kaolin.example,+33260302992,Responsable achats,12,Kaolin,COMPUTER_SOFTWARE,France,Lyon,,https://www.kaolin.example/accueil,Kaolin,,2024-02-06
Victor,Leroy,victor.leroy@sablier.example,+33629806865,Directeur,120,Sablier,RETAIL,France,Marseille,,https://www.sablier.example/accueil,Sablier,Consent,2025-06-02
Leïla,Petit,leila.petit@lorettefils.example,+33431498643,Directeur,500,Lorette & Fils,COMPUTER_SOFTWARE,France,Lille,,https://www.lorettefils.example/accueil,Lorette & Fils,Legitimate interest – existing customer,2024-12-17
Antoine,Girard,antoine.girard@brightpath.example,+33444956213,Chargé de projet,500,Brightpath,RETAIL,France,Rennes,,https://www.brightpath.example/accueil,Brightpath,,2020-03-11
Manon,Marchand,manon.marchand@ateliernord.example,+33277038430,Responsable achats,12,Atelier Nord,COMPUTER_SOFTWARE,France,Lyon,,https://www.ateliernord.example/accueil,Atelier Nord,Legitimate interest – existing customer,2025-10-26
Camille,Chevalier,camille.chevalier@dynamolab.example,+33181845184,CTO,120,Dynamo Lab,MARKETING_AND_ADVERTISING,France,Rennes,,https://www.dynamolab.example/accueil,Dynamo Lab,,2021-11-24
Sarah,Nguyen,sarah.nguyen@ateliernord.example,+33316335658,Directeur,5,Atelier Nord,RETAIL,France,Bordeaux,,https://www.ateliernord.example/accueil,Atelier Nord,Consent,2026-02-26
Paul,O'Brien,paul.obrien@dynamolab.example,+33179080759,CTO,12,Dynamo Lab,FINANCIAL_SERVICES,France,Marseille,,https://www.dynamolab.example/accueil,Dynamo Lab,,2025-04-08
Thomas,Blanc,thomas.blanc@dynamolab.example,+33478085627,Directeur,5,Dynamo Lab,COMPUTER_SOFTWARE,France,Bordeaux,,https://www.dynamolab.example/accueil,Dynamo Lab,Legitimate interest – existing customer,2025-11-09
Manon,François,manon.francois@sablier.example,+33216433472,Responsable achats,40,Sablier,CONSTRUCTION,France,Rennes,,https://www.sablier.example/accueil,Sablier,,2023-07-09
Inès,Moreau,ines.moreau@irisoptique.example,+33525478077,CTO,12,Iris Optique,COMPUTER_SOFTWARE,France,Lille,,https://www.irisoptique.example/accueil,Iris Optique,,2026-05-06
Thomas,François,thomas.francois@dynamolab.example,+33364757051,Responsable achats,500,Dynamo Lab,RETAIL,France,Lyon,,https://www.dynamolab.example/accueil,Dynamo Lab,Legitimate interest – existing customer,2026-04-19
Inès,Van Damme,ines.vandamme@menhirdata.example,+33636730371,Responsable achats,12,Menhir Data,COMPUTER_SOFTWARE,France,Bordeaux,,https://www.menhirdata.example/accueil,Menhir Data,Consent,2025-02-04
Antoine,Perrin,antoine.perrin@dynamolab.example,+33132719500,CTO,120,Dynamo Lab,MARKETING_AND_ADVERTISING,France,Marseille,,https://www.dynamolab.example/accueil,Dynamo Lab,Consent,2022-04-19
Hugo,Nguyen,,+33324077848,Chargé de projet,40,Roseau Paysage,CONSTRUCTION,France,Bordeaux,,https://www.roseaupaysage.example/accueil,Roseau Paysage,,2026-03-23
Inès,Perrin,,+33527448570,Chargé de projet,40,Verso,FINANCIAL_SERVICES,France,Lyon,,https://www.verso.example/accueil,Verso,,2024-08-31
Nadia,Mercier,,+33678294565,Directeur,12,Lorette & Fils,MARKETING_AND_ADVERTISING,France,Rennes,,https://www.lorettefils.example/accueil,Lorette & Fils,Legitimate interest – existing customer,2024-05-02
Sarah,O'Brien,sarah.obrien@brightpath.example,+33756659398,Responsable achats,120,Brightpath,RETAIL,France,Nantes,,https://www.brightpath.example/accueil,Brightpath,Legitimate interest – existing customer,2020-04-17
Julien,Marchand,julien.marchand@ateliernord.example,+33304335048,Responsable achats,12,Atelier Nord,MARKETING_AND_ADVERTISING,France,Marseille,,https://www.ateliernord.example/accueil,Atelier Nord,,2026-04-13
Leïla,Roux,leila.roux@roseaupaysage.example,+33196931572,Chargé de projet,40,Roseau Paysage,COMPUTER_SOFTWARE,France,Bordeaux,,https://www.roseaupaysage.example/accueil,Roseau Paysage,Consent,2023-08-04
Amina,François,amina.francois@menhirdata.example,+33766139060,CTO,500,Menhir Data,MARKETING_AND_ADVERTISING,France,Marseille,,https://www.menhirdata.example/accueil,Menhir Data,Consent,2022-09-18
Inès,François,ines.francois@lorettefils.example,+33722783769,Responsable achats,5,Lorette & Fils,CONSTRUCTION,France,Rennes,,https://www.lorettefils.example/accueil,Lorette & Fils,,2020-11-01
Claire,Blanc,claire.blanc@sablier.example,+33465535590,CTO,12,Sablier,RETAIL,France,Paris,,https://www.sablier.example/accueil,Sablier,Legitimate interest – existing customer,2025-03-15
Élodie,O'Brien,elodie.obrien@dynamolab.example,+33603924051,CTO,12,Dynamo Lab,FINANCIAL_SERVICES,France,Lyon,,https://www.dynamolab.example/accueil,Dynamo Lab,Legitimate interest – existing customer,2025-07-02
Inès,O'Brien,ines.obrien@sablier.example,+33663681579,Directeur,5,Sablier,COMPUTER_SOFTWARE,France,Lyon,,https://www.sablier.example/accueil,Sablier,Consent,2026-04-01
Rémi,Da Silva,remi.dasilva@kaolin.example,+33205554384,Directeur,500,Kaolin,CONSTRUCTION,France,Lyon,,https://www.kaolin.example/accueil,Kaolin,Legitimate interest – existing customer,2022-01-19
Claire,Van Damme,claire.vandamme@dynamolab.example,+33489363926,CTO,12,Dynamo Lab,MARKETING_AND_ADVERTISING,France,Bordeaux,,https://www.dynamolab.example/accueil,Dynamo Lab,Legitimate interest – existing customer,2025-06-24
Sarah,Chevalier,sarah.chevalier@dynamolab.example,+33220994999,Responsable achats,40,Dynamo Lab,COMPUTER_SOFTWARE,France,Bordeaux,,https://www.dynamolab.example/accueil,Dynamo Lab,,2024-05-10
Élodie,Benali,elodie.benali@sablier.example,+33797573660,Chargé de projet,500,Sablier,FINANCIAL_SERVICES,France,Lille,,https://www.sablier.example/accueil,Sablier,Consent,2024-06-23
Lucas,Marchand,lucas.marchand@ateliernord.example,+33277181298,Responsable achats,5,Atelier Nord,MARKETING_AND_ADVERTISING,France,Nantes,,https://www.ateliernord.example/accueil,Atelier Nord,Consent,2025-11-07
Élodie,Nguyen,elodie.nguyen@sablier.example,+33621117518,Chargé de projet,500,Sablier,RETAIL,France,Paris,,https://www.sablier.example/accueil,Sablier,Legitimate interest – existing customer,2023-08-29
Marc,Nguyen,marc.nguyen@ateliernord.example,+33145561681,CTO,40,Atelier Nord,FINANCIAL_SERVICES,France,Nantes,,https://www.ateliernord.example/accueil,Atelier Nord,Consent,2022-06-04
Élodie,Benali,elodie.benali@ateliernord.example,+33581794695,CTO,500,Atelier Nord,FINANCIAL_SERVICES,France,Nantes,,https://www.ateliernord.example/accueil,Atelier Nord,Consent,2025-10-23
Antoine,Fontaine,antoine.fontaine@dynamolab.example,+33330107139,Chargé de projet,500,Dynamo Lab,MARKETING_AND_ADVERTISING,France,Paris,,https://www.dynamolab.example/accueil,Dynamo Lab,Consent,2023-11-08
Élodie,Marchand,elodie.marchand@irisoptique.example,+33388501556,Directeur,120,Iris Optique,RETAIL,France,Rennes,,https://www.irisoptique.example/accueil,Iris Optique,Legitimate interest – existing customer,2025-09-14
Claire,Benali,claire.benali@roseaupaysage.example,+33557142241,Directeur,500,Roseau Paysage,CONSTRUCTION,France,Lille,,https://www.roseaupaysage.example/accueil,Roseau Paysage,,2023-04-02
Amina,Girard,amina.girard@ateliernord.example,+33779545381,Chargé de projet,5,Atelier Nord,RETAIL,France,Marseille,,https://www.ateliernord.example/accueil,Atelier Nord,Consent,2019-10-26
Antoine,Van Damme,antoine.vandamme@sablier.example,+33796695832,Directeur,500,Sablier,FINANCIAL_SERVICES,France,Nantes,,https://www.sablier.example/accueil,Sablier,,2022-08-23
Amina,Perrin,amina.perrin@ateliernord.example,+33254946519,Directeur,40,Atelier Nord,COMPUTER_SOFTWARE,France,Marseille,,https://www.ateliernord.example/accueil,Atelier Nord,Consent,2021-06-13
Julien,Duval,julien.duval@verso.example,+33740369656,Chargé de projet,120,Verso,MARKETING_AND_ADVERTISING,France,Lyon,,https://www.verso.example/accueil,Verso,Consent,2022-06-08
Sarah,Leroy,sarah.leroy@lorettefils.example,+33453269097,Responsable achats,500,Lorette & Fils,FINANCIAL_SERVICES,France,Marseille,,https://www.lorettefils.example/accueil,Lorette & Fils,Legitimate interest – existing customer,2020-04-09
Claire,Mercier,claire.mercier@menhirdata.example,+33579565442,Directeur,40,Menhir Data,COMPUTER_SOFTWARE,France,Bordeaux,,https://www.menhirdata.example/accueil,Menhir Data,,2021-03-16
Leïla,Girard,leila.girard@ateliernord.example,+33790471281,CTO,40,Atelier Nord,COMPUTER_SOFTWARE,France,Bordeaux,,https://www.ateliernord.example/accueil,Atelier Nord,Legitimate interest – existing customer,2025-11-19
Paul,Girard,,+33452437280,CTO,120,Atelier Nord,RETAIL,France,Lyon,,https://www.ateliernord.example/accueil,Atelier Nord,Consent,2024-10-07
Sarah,Girard,,+33750410276,Chargé de projet,120,Roseau Paysage,RETAIL,France,Marseille,,https://www.roseaupaysage.example/accueil,Roseau Paysage,Legitimate interest – existing customer,2019-12-26
Thomas,Blanc,thomas.blanc@roseaupaysage.example,+33625800106,Directeur,12,Roseau Paysage,CONSTRUCTION,France,Marseille,,https://www.roseaupaysage.example/accueil,Roseau Paysage,Legitimate interest – existing customer,2020-08-19
Antoine,Petit,antoine.petit@dynamolab.example,+33439174101,Directeur,5,Dynamo Lab,RETAIL,France,Lyon,,https://www.dynamolab.example/accueil,Dynamo Lab,Consent,2020-05-26
Camille,Lambert,camille.lambert@lorettefils.example,+33656908776,Chargé de projet,120,Lorette & Fils,RETAIL,France,Paris,,https://www.lorettefils.example/accueil,Lorette & Fils,Consent,2023-06-23
Victor,O'Brien,victor.obrien@brightpath.example,+33115851743,Responsable achats,40,Brightpath,RETAIL,France,Paris,,https://www.brightpath.example/accueil,Brightpath,Consent,2023-01-25
Hugo,Fontaine,hugo.fontaine@sablier.example,+33220309376,Directeur,500,Sablier,RETAIL,France,Paris,,https://www.sablier.example/accueil,Sablier,Legitimate interest – existing customer,2021-07-21
Claire,Lambert,claire@gmial.com,+33287829310,Responsable achats,500,Brightpath,COMPUTER_SOFTWARE,France,Lyon,,https://www.brightpath.example/accueil,Brightpath,Consent,2025-12-25
Sophie,Duval,sophie.duval@dynamolab.example,+33717929111,Chargé de projet,12,Dynamo Lab,RETAIL,France,Marseille,,https://www.dynamolab.example/accueil,Dynamo Lab,Consent,2025-11-26
Leïla,Lambert,leila.lambert@dynamolab.example,+33562071002,Directeur,120,Dynamo Lab,MARKETING_AND_ADVERTISING,France,Lyon,,https://www.dynamolab.example/accueil,Dynamo Lab,Legitimate interest – existing customer,2025-05-05
Inès,Leroy,ines.leroy@kaolin.example,+33290927914,CTO,5,Kaolin,FINANCIAL_SERVICES,France,Paris,,https://www.kaolin.example/accueil,Kaolin,Consent,2021-11-04
Lucas,Benali,lucas.benali@dynamolab.example,+33210742799,Directeur,12,Dynamo Lab,CONSTRUCTION,France,Bordeaux,,https://www.dynamolab.example/accueil,Dynamo Lab,,2022-06-11
Camille,François,camille.francois@lorettefils.example,+33146498931,CTO,5,Lorette & Fils,RETAIL,France,Marseille,,https://www.lorettefils.example/accueil,Lorette & Fils,,2022-09-24
Paul,Lambert,paul.lambert@brightpath.example,+33681832538,Directeur,40,Brightpath,CONSTRUCTION,France,Marseille,,https://www.brightpath.example/accueil,Brightpath,Consent,2022-05-10
Lucas,Chevalier,lucas.chevalier@menhirdata.example,+33377881788,CTO,12,Menhir Data,RETAIL,France,Paris,,https://www.menhirdata.example/accueil,Menhir Data,Legitimate interest – existing customer,2025-10-02
Amina,Girard,amina.girard@irisoptique.example,+33241272380,CTO,40,Iris Optique,RETAIL,France,Nantes,,https://www.irisoptique.example/accueil,Iris Optique,Consent,2025-08-07
Camille,Marchand,camille.marchand@roseaupaysage.example,+33738569557,Chargé de projet,12,Roseau Paysage,CONSTRUCTION,France,Lyon,,https://www.roseaupaysage.example/accueil,Roseau Paysage,,2025-10-04
Camille,Mercier,camille.mercier@verso.example,+33647492975,Directeur,500,Verso,COMPUTER_SOFTWARE,France,Marseille,,https://www.verso.example/accueil,Verso,Legitimate interest – existing customer,2022-10-01
Sarah,De la Fontaine,sarah.delafontaine@kaolin.example,+33766299123,CTO,500,Kaolin,RETAIL,France,Paris,,https://www.kaolin.example/accueil,Kaolin,Legitimate interest – existing customer,2023-03-24
Lucas,Chevalier,lucas.chevalier@kaolin.example,+33590429025,Chargé de projet,5,Kaolin,CONSTRUCTION,France,Marseille,,https://www.kaolin.example/accueil,Kaolin,,2025-02-14
Nadia,De la Fontaine,nadia.delafontaine@sablier.example,+33776031089,Directeur,5,Sablier,CONSTRUCTION,France,Bordeaux,,https://www.sablier.example/accueil,Sablier,Legitimate interest – existing customer,2025-08-04
Camille,Leroy,camille.leroy@roseaupaysage.example,+33280138759,Responsable achats,40,Roseau Paysage,RETAIL,France,Nantes,,https://www.roseaupaysage.example/accueil,Roseau Paysage,Legitimate interest – existing customer,2024-04-25
Manon,Roux,manon.roux@lorettefils.example,+33317182754,Directeur,120,Lorette & Fils,CONSTRUCTION,France,Nantes,,https://www.lorettefils.example/accueil,Lorette & Fils,Consent,2025-03-13
Rémi,Nguyen,remi.nguyen@roseaupaysage.example,+33363175207,Directeur,12,Roseau Paysage,RETAIL,France,Nantes,,https://www.roseaupaysage.example/accueil,Roseau Paysage,Consent,2020-04-02
Leïla,Petit,leila.petit@dynamolab.example,+33253961367,CTO,40,Dynamo Lab,RETAIL,France,Bordeaux,,https://www.dynamolab.example/accueil,Dynamo Lab,Consent,2025-09-26
Paul,Da Silva,paul.dasilva@dynamolab.example,+33511877347,Chargé de projet,500,Dynamo Lab,COMPUTER_SOFTWARE,France,Rennes,,https://www.dynamolab.example/accueil,Dynamo Lab,Legitimate interest – existing customer,2023-01-25
Lucas,Petit,lucas.petit@lorettefils.example,+33767700284,Responsable achats,120,Lorette & Fils,RETAIL,France,Rennes,,https://www.lorettefils.example/accueil,Lorette & Fils,Legitimate interest – existing customer,2021-06-01
Leïla,Fontaine,leila.fontaine@verso.example,+33478280647,Chargé de projet,40,Verso,COMPUTER_SOFTWARE,France,Paris,,https://www.verso.example/accueil,Verso,Consent,2020-05-31
Amina,Da Silva,amina.dasilva@ateliernord.example,+33135785294,CTO,500,Atelier Nord,MARKETING_AND_ADVERTISING,France,Marseille,,https://www.ateliernord.example/accueil,Atelier Nord,,2025-05-14
Lucas,Mercier,lucas.mercier@brightpath.example,+33449878208,Responsable achats,40,Brightpath,FINANCIAL_SERVICES,France,Rennes,,https://www.brightpath.example/accueil,Brightpath,Consent,2024-03-21
Lucas,Blanc,lucas.blanc@menhirdata.example,+33372324665,Directeur,40,Menhir Data,MARKETING_AND_ADVERTISING,France,Marseille,,https://www.menhirdata.example/accueil,Menhir Data,Consent,2020-08-09
Paul,Roux,paul.roux@lorettefils.example,+33230347786,Chargé de projet,40,Lorette & Fils,MARKETING_AND_ADVERTISING,France,Paris,,https://www.lorettefils.example/accueil,Lorette & Fils,,2023-10-16
Inès,Mercier,ines.mercier@dynamolab.example,+33700159416,CTO,12,Dynamo Lab,MARKETING_AND_ADVERTISING,France,Paris,,https://www.dynamolab.example/accueil,Dynamo Lab,Consent,2025-12-28
Manon,Petit,manon.petit@verso.example,+33547139155,Chargé de projet,12,Verso,MARKETING_AND_ADVERTISING,France,Paris,,https://www.verso.example/accueil,Verso,Legitimate interest – existing customer,2019-12-15
Élodie,Chevalier,elodie.chevalier@kaolin.example,+33790785158,Chargé de projet,12,Kaolin,CONSTRUCTION,France,Nantes,,https://www.kaolin.example/accueil,Kaolin,Consent,2021-11-19
Hugo,Marchand,hugo.marchand@menhirdata.example,+33703486451,Responsable achats,40,Menhir Data,CONSTRUCTION,France,Paris,,https://www.menhirdata.example/accueil,Menhir Data,Legitimate interest – existing customer,2026-01-27
Victor,Da Silva,victor.dasilva@kaolin.example,+33627206345,Directeur,12,Kaolin,FINANCIAL_SERVICES,France,Bordeaux,,https://www.kaolin.example/accueil,Kaolin,,2026-02-26
Claire,Nguyen,claire.nguyen@kaolin.example,+33295431652,Chargé de projet,5,Kaolin,FINANCIAL_SERVICES,France,Bordeaux,,https://www.kaolin.example/accueil,Kaolin,Consent,2024-12-19
Camille,Marchand,camille.marchand@irisoptique.example,+33435971072,CTO,120,Iris Optique,FINANCIAL_SERVICES,France,Marseille,,https://www.irisoptique.example/accueil,Iris Optique,Legitimate interest – existing customer,2023-10-28
Olivier,Mercier,olivier.mercier@menhirdata.example,+33275990048,Chargé de projet,500,Menhir Data,COMPUTER_SOFTWARE,France,Lille,,https://www.menhirdata.example/accueil,Menhir Data,Legitimate interest – existing customer,2025-11-17
Lucas,Petit,lucas.petit@kaolin.example,+33687771215,Directeur,500,Kaolin,CONSTRUCTION,France,Lille,,https://www.kaolin.example/accueil,Kaolin,Consent,2026-01-02
Leïla,Benali,leila.benali@ateliernord.example,+33526137150,CTO,40,Atelier Nord,FINANCIAL_SERVICES,France,Paris,,https://www.ateliernord.example/accueil,Atelier Nord,,2026-06-02
Nadia,Mercier,nadia.mercier@ateliernord.example,+33442361032,Chargé de projet,40,Atelier Nord,RETAIL,France,Rennes,,https://www.ateliernord.example/accueil,Atelier Nord,,2022-03-09
Manon,De la Fontaine,manon.delafontaine@irisoptique.example,+33510818661,Chargé de projet,40,Iris Optique,FINANCIAL_SERVICES,France,Paris,,https://www.irisoptique.example/accueil,Iris Optique,Consent,2020-02-02
Camille,Petit,camille.petit@kaolin.example,+33760164597,Chargé de projet,12,Kaolin,MARKETING_AND_ADVERTISING,France,Paris,,https://www.kaolin.example/accueil,Kaolin,Consent,2024-06-13
Camille,Benali,camille.benali@sablier.example,+33703723683,Directeur,120,Sablier,COMPUTER_SOFTWARE,France,Paris,,https://www.sablier.example/accueil,Sablier,Legitimate interest – existing customer,2026-04-14
Victor,Marchand,victor.marchand@menhirdata.example,+33489973080,Chargé de projet,120,Menhir Data,RETAIL,France,Paris,,https://www.menhirdata.example/accueil,Menhir Data,,2020-12-30
Paul,O'Brien,paul.obrien@kaolin.example,+33243757383,CTO,40,Kaolin,RETAIL,France,Nantes,,https://www.kaolin.example/accueil,Kaolin,Consent,2021-07-28
Hugo,Fontaine,hugo.fontaine@dynamolab.example,+33617223297,Directeur,12,Dynamo Lab,FINANCIAL_SERVICES,France,Paris,,https://www.dynamolab.example/accueil,Dynamo Lab,Legitimate interest – existing customer,2024-02-21
Hugo,Chevalier,hugo.chevalier@brightpath.example,+33780156193,Directeur,40,Brightpath,CONSTRUCTION,France,Rennes,,https://www.brightpath.example/accueil,Brightpath,Legitimate interest – existing customer,2024-09-07
Victor,Chevalier,victor.chevalier@dynamolab.example,+33610771199,Directeur,5,Dynamo Lab,MARKETING_AND_ADVERTISING,France,Marseille,,https://www.dynamolab.example/accueil,Dynamo Lab,Legitimate interest – existing customer,2020-09-06
Inès,O'Brien,ines.obrien@lorettefils.example,+33632863266,Chargé de projet,120,Lorette & Fils,MARKETING_AND_ADVERTISING,France,Rennes,,https://www.lorettefils.example/accueil,Lorette & Fils,Legitimate interest – existing customer,2022-06-02
Élodie,François,elodie.francois@verso.example,+33552008943,CTO,40,Verso,CONSTRUCTION,France,Bordeaux,,https://www.verso.example/accueil,Verso,Consent,2020-04-10
Hugo,Petit,hugo.petit@menhirdata.example,+33390753998,Responsable achats,12,Menhir Data,RETAIL,France,Lille,,https://www.menhirdata.example/accueil,Menhir Data,Consent,2025-01-24
Thomas,Petit,thomas.petit@brightpath.example,+33257126611,Directeur,120,Brightpath,COMPUTER_SOFTWARE,France,Marseille,,https://www.brightpath.example/accueil,Brightpath,Consent,2020-09-02
Manon,Petit,manon.petit@roseaupaysage.example,+33128519611,CTO,12,Roseau Paysage,COMPUTER_SOFTWARE,France,Marseille,,https://www.roseaupaysage.example/accueil,Roseau Paysage,,2021-05-10
Hugo,Marchand,hugo.marchand@irisoptique.example,+33722960443,Responsable achats,500,Iris Optique,CONSTRUCTION,France,Paris,,https://www.irisoptique.example/accueil,Iris Optique,Legitimate interest – existing customer,2021-01-05
Lucas,Fontaine,lucas.fontaine@ateliernord.example,+33456792287,Chargé de projet,5,Atelier Nord,FINANCIAL_SERVICES,France,Bordeaux,,https://www.ateliernord.example/accueil,Atelier Nord,Consent,2022-12-28
Lucas,Van Damme,lucas.vandamme@roseaupaysage.example,+33507412094,Directeur,500,Roseau Paysage,FINANCIAL_SERVICES,France,Lille,,https://www.roseaupaysage.example/accueil,Roseau Paysage,Legitimate interest – existing customer,2022-01-11
Marc,Lambert,marc.lambert@ateliernord.example,+33104615265,CTO,12,Atelier Nord,FINANCIAL_SERVICES,France,Lille,,https://www.ateliernord.example/accueil,Atelier Nord,Legitimate interest – existing customer,2022-10-25
Antoine,Leroy,antoine.leroy@verso.example,+33305786170,Chargé de projet,500,Verso,FINANCIAL_SERVICES,France,Bordeaux,,https://www.verso.example/accueil,Verso,Legitimate interest – existing customer,2022-02-22
Thomas,Mercier,thomas.mercier@dynamolab.example,+33471832582,Responsable achats,5,Dynamo Lab,RETAIL,France,Rennes,,https://www.dynamolab.example/accueil,Dynamo Lab,Consent,2023-01-18
Hugo,Benali,hugo.benali@kaolin.example,+33145319433,Chargé de projet,500,Kaolin,MARKETING_AND_ADVERTISING,France,Paris,,https://www.kaolin.example/accueil,Kaolin,Legitimate interest – existing customer,2026-05-11
Amina,Petit,amina.petit@irisoptique.example,+33428399921,Responsable achats,500,Iris Optique,MARKETING_AND_ADVERTISING,France,Lille,,https://www.irisoptique.example/accueil,Iris Optique,Consent,2020-01-30
Thomas,Lambert,thomas.lambert@irisoptique.example,+33450635190,Responsable achats,12,Iris Optique,MARKETING_AND_ADVERTISING,France,Marseille,,https://www.irisoptique.example/accueil,Iris Optique,,2021-10-02
Olivier,Petit,olivier.petit@menhirdata.example,+33193928456,Chargé de projet,12,Menhir Data,MARKETING_AND_ADVERTISING,France,Rennes,,https://www.menhirdata.example/accueil,Menhir Data,Legitimate interest – existing customer,2019-10-16
Manon,Mercier,manon.mercier@menhirdata.example,+33233153779,CTO,40,Menhir Data,RETAIL,France,Marseille,,https://www.menhirdata.example/accueil,Menhir Data,Legitimate interest – existing customer,2021-09-24
Olivier,Moreau,olivier.moreau@dynamolab.example,+33565596309,Responsable achats,12,Dynamo Lab,COMPUTER_SOFTWARE,France,Bordeaux,,https://www.dynamolab.example/accueil,Dynamo Lab,,2024-05-03
Sophie,Leroy,sophie.leroy@ateliernord.example,+33617912868,CTO,40,Atelier Nord,CONSTRUCTION,France,Lille,,https://www.ateliernord.example/accueil,Atelier Nord,Consent,2020-12-24
Nadia,Moreau,nadia.moreau@sablier.example,+33553907895,Chargé de projet,40,Sablier,RETAIL,France,Marseille,,https://www.sablier.example/accueil,Sablier,,2023-02-26
Victor,Duval,victor.duval@brightpath.example,+33724075536,Chargé de projet,500,Brightpath,COMPUTER_SOFTWARE,France,Lille,,https://www.brightpath.example/accueil,Brightpath,Legitimate interest – existing customer,2024-11-26
Élodie,Leroy,elodie.leroy@kaolin.example,+33127169385,Chargé de projet,40,Kaolin,RETAIL,France,Marseille,,https://www.kaolin.example/accueil,Kaolin,Consent,2023-05-17
Rémi,Van Damme,remi.vandamme@ateliernord.example,+33229676291,Chargé de projet,40,Atelier Nord,FINANCIAL_SERVICES,France,Marseille,,https://www.ateliernord.example/accueil,Atelier Nord,Consent,2024-07-01
Élodie,François,elodie.francois@roseaupaysage.example,+33220681558,Responsable achats,5,Roseau Paysage,MARKETING_AND_ADVERTISING,France,Lyon,,https://www.roseaupaysage.example/accueil,Roseau Paysage,Legitimate interest – existing customer,2025-05-19
Hugo,Da Silva,hugo.dasilva@dynamolab.example,+33306373149,CTO,40,Dynamo Lab,FINANCIAL_SERVICES,France,Nantes,,https://www.dynamolab.example/accueil,Dynamo Lab,Legitimate interest – existing customer,2026-04-18
Sarah,Marchand,sarah.marchand@dynamolab.example,+33429344973,CTO,120,Dynamo Lab,MARKETING_AND_ADVERTISING,France,Nantes,,https://www.dynamolab.example/accueil,Dynamo Lab,,2024-03-31
Lucas,Leroy,lucas.leroy@ateliernord.example,+33270661498,Responsable achats,120,Atelier Nord,RETAIL,France,Marseille,,https://www.ateliernord.example/accueil,Atelier Nord,,2021-08-08
Rémi,Van Damme,remi.vandamme@verso.example,+33327323008,CTO,40,Verso,RETAIL,France,Nantes,,https://www.verso.example/accueil,Verso,,2021-01-26
Leïla,François,leila.francois@lorettefils.example,+33492364587,CTO,12,Lorette & Fils,MARKETING_AND_ADVERTISING,France,Nantes,,https://www.lorettefils.example/accueil,Lorette & Fils,Legitimate interest – existing customer,2026-01-10
Hugo,Duval,hugo.duval@dynamolab.example,+33424399201,Directeur,500,Dynamo Lab,COMPUTER_SOFTWARE,France,Lille,,https://www.dynamolab.example/accueil,Dynamo Lab,Legitimate interest – existing customer,2023-07-14
Olivier,Duval,olivier.duval@menhirdata.example,+33190138069,CTO,120,Menhir Data,CONSTRUCTION,France,Marseille,,https://www.menhirdata.example/accueil,Menhir Data,Consent,2023-06-25
Claire,Da Silva,claire.dasilva@roseaupaysage.example,+33469055107,Chargé de projet,5,Roseau Paysage,FINANCIAL_SERVICES,France,Marseille,,https://www.roseaupaysage.example/accueil,Roseau Paysage,Consent,2022-05-31
Thomas,O'Brien,thomas.obrien@kaolin.example,+33430505057,Responsable achats,5,Kaolin,CONSTRUCTION,France,Nantes,,https://www.kaolin.example/accueil,Kaolin,,2021-02-18
Thomas,Fontaine,thomas.fontaine@kaolin.example,+33320954814,Chargé de projet,120,Kaolin,COMPUTER_SOFTWARE,France,Rennes,,https://www.kaolin.example/accueil,Kaolin,,2024-10-23
Sophie,Benali,sophie.benali@roseaupaysage.example,+33776420865,Chargé de projet,120,Roseau Paysage,COMPUTER_SOFTWARE,France,Lille,,https://www.roseaupaysage.example/accueil,Roseau Paysage,Consent,2025-11-15
Rémi,Marchand,remi.marchand@roseaupaysage.example,+33125904729,Responsable achats,12,Roseau Paysage,MARKETING_AND_ADVERTISING,France,Lyon,,https://www.roseaupaysage.example/accueil,Roseau Paysage,Consent,2020-04-26
Amina,Roux,amina.roux@menhirdata.example,+33474926176,CTO,5,Menhir Data,COMPUTER_SOFTWARE,France,Paris,,https://www.menhirdata.example/accueil,Menhir Data,Legitimate interest – existing customer,2025-02-17
Olivier,Fontaine,olivier.fontaine@verso.example,+33599741926,Chargé de projet,500,Verso,MARKETING_AND_ADVERTISING,France,Paris,,https://www.verso.example/accueil,Verso,,2023-12-10
Sarah,Da Silva,sarah.dasilva@sablier.example,+33532184011,CTO,5,Sablier,MARKETING_AND_ADVERTISING,France,Marseille,,https://www.sablier.example/accueil,Sablier,Legitimate interest – existing customer,2026-01-09
Sophie,Perrin,sophie.perrin@verso.example,+33342961844,Chargé de projet,5,Verso,CONSTRUCTION,France,Bordeaux,,https://www.verso.example/accueil,Verso,,2024-01-16
Sophie,Mercier,sophie.mercier@roseaupaysage.example,+33335989262,CTO,12,Roseau Paysage,COMPUTER_SOFTWARE,France,Marseille,,https://www.roseaupaysage.example/accueil,Roseau Paysage,Legitimate interest – existing customer,2025-09-02
Victor,Petit,victor.petit@verso.example,+33315542340,Directeur,5,Verso,MARKETING_AND_ADVERTISING,France,Lille,,https://www.verso.example/accueil,Verso,Consent,2021-11-25
Rémi,Blanc,remi.blanc@kaolin.example,+33394849102,CTO,500,Kaolin,FINANCIAL_SERVICES,France,Rennes,,https://www.kaolin.example/accueil,Kaolin,,2025-05-23
Antoine,Blanc,antoine.blanc@dynamolab.example,+33682226940,CTO,12,Dynamo Lab,RETAIL,France,Marseille,,https://www.dynamolab.example/accueil,Dynamo Lab,,2023-07-23
Manon,Marchand,manon.marchand@irisoptique.example,+33634146511,Directeur,500,Iris Optique,COMPUTER_SOFTWARE,France,Paris,,https://www.irisoptique.example/accueil,Iris Optique,Consent,2021-08-31
Rémi,Mercier,remi.mercier@kaolin.example,+33527788160,Responsable achats,40,Kaolin,MARKETING_AND_ADVERTISING,France,Bordeaux,,https://www.kaolin.example/accueil,Kaolin,Consent,2026-05-06
Manon,Perrin,manon.perrin@menhirdata.example,+33683215285,Directeur,40,Menhir Data,COMPUTER_SOFTWARE,France,Marseille,,https://www.menhirdata.example/accueil,Menhir Data,Consent,2021-06-07
Thomas,Mercier,thomas.mercier@sablier.example,+33444309634,Directeur,40,Sablier,COMPUTER_SOFTWARE,France,Lille,,https://www.sablier.example/accueil,Sablier,,2023-03-18
Claire,Marchand,claire.marchand@brightpath.example,+33326501673,Directeur,5,Brightpath,RETAIL,France,Paris,,https://www.brightpath.example/accueil,Brightpath,Legitimate interest – existing customer,2025-04-06
Rémi,Lambert,remi.lambert@dynamolab.example,+33650237416,Chargé de projet,120,Dynamo Lab,FINANCIAL_SERVICES,France,Bordeaux,,https://www.dynamolab.example/accueil,Dynamo Lab,Consent,2022-01-14
Amina,Moreau,amina.moreau@sablier.example,+33225803056,Directeur,120,Sablier,COMPUTER_SOFTWARE,France,Rennes,,https://www.sablier.example/accueil,Sablier,,2025-04-03
Sophie,Perrin,sophie.perrin@sablier.example,+33633711895,CTO,12,Sablier,COMPUTER_SOFTWARE,France,Lyon,,https://www.sablier.example/accueil,Sablier,Legitimate interest – existing customer,2026-01-01
Inès,Lambert,ines.lambert@roseaupaysage.example,+33105955184,Responsable achats,5,Roseau Paysage,COMPUTER_SOFTWARE,France,Rennes,,https://www.roseaupaysage.example/accueil,Roseau Paysage,,2024-02-09
Inès,Moreau,ines.moreau@ateliernord.example,+33718513279,Chargé de projet,12,Atelier Nord,MARKETING_AND_ADVERTISING,France,Paris,,https://www.ateliernord.example/accueil,Atelier Nord,Consent,2026-04-24
Inès,Mercier,ines.mercier@sablier.example,+33184186203,Directeur,40,Sablier,CONSTRUCTION,France,Lyon,,https://www.sablier.example/accueil,Sablier,Consent,2026-03-24
Antoine,François,antoine.francois@sablier.example,+33642152265,CTO,500,Sablier,CONSTRUCTION,France,Lyon,,https://www.sablier.example/accueil,Sablier,Consent,2019-12-26
Thomas,Van Damme,thomas.vandamme@lorettefils.example,+33587883619,Chargé de projet,12,Lorette & Fils,CONSTRUCTION,France,Paris,,https://www.lorettefils.example/accueil,Lorette & Fils,Legitimate interest – existing customer,2020-04-20
Sophie,Girard,sophie.girard@kaolin.example,+33547657041,Responsable achats,12,Kaolin,FINANCIAL_SERVICES,France,Lyon,,https://www.kaolin.example/accueil,Kaolin,Legitimate interest – existing customer,2024-11-22
Amina,De la Fontaine,amina.delafontaine@kaolin.example,+33749843624,Directeur,120,Kaolin,FINANCIAL_SERVICES,France,Paris,,https://www.kaolin.example/accueil,Kaolin,Legitimate interest – existing customer,2020-04-01
Amina,Girard,amina.girard@verso.example,+33456620563,CTO,500,Verso,CONSTRUCTION,France,Paris,,https://www.verso.example/accueil,Verso,Legitimate interest – existing customer,2025-08-06
Nadia,Marchand,nadia.marchand@menhirdata.example,+33368356521,CTO,12,Menhir Data,COMPUTER_SOFTWARE,France,Lille,,https://www.menhirdata.example/accueil,Menhir Data,,2022-06-19
Antoine,Blanc,antoine.blanc@menhirdata.example,+33271133228,CTO,40,Menhir Data,FINANCIAL_SERVICES,France,Rennes,,https://www.menhirdata.example/accueil,Menhir Data,,2023-03-18
Julien,Van Damme,julien.vandamme@roseaupaysage.example,+33512971024,Directeur,12,Roseau Paysage,CONSTRUCTION,France,Lyon,,https://www.roseaupaysage.example/accueil,Roseau Paysage,Legitimate interest – existing customer,2024-02-14
Thomas,Van Damme,thomas.vandamme@kaolin.example,+33478711216,Chargé de projet,40,Kaolin,CONSTRUCTION,France,Lille,,https://www.kaolin.example/accueil,Kaolin,,2025-06-01
Sophie,Fontaine,sophie.fontaine@brightpath.example,+33448072791,Directeur,500,Brightpath,MARKETING_AND_ADVERTISING,France,Lille,,https://www.brightpath.example/accueil,Brightpath,,2025-03-10
Élodie,O'Brien,elodie.obrien@roseaupaysage.example,+33505504481,Chargé de projet,40,Roseau Paysage,CONSTRUCTION,France,Rennes,,https://www.roseaupaysage.example/accueil,Roseau Paysage,Consent,2024-04-27
Olivier,O'Brien,olivier.obrien@kaolin.example,+33660538444,CTO,120,Kaolin,COMPUTER_SOFTWARE,France,Paris,,https://www.kaolin.example/accueil,Kaolin,Legitimate interest – existing customer,2021-10-31
Sophie,Duval,sophie.duval@ateliernord.example,+33491124421,Directeur,5,Atelier Nord,RETAIL,France,Rennes,,https://www.ateliernord.example/accueil,Atelier Nord,Legitimate interest – existing customer,2025-04-21
Lucas,François,lucas.francois@kaolin.example,+33666572240,Responsable achats,40,Kaolin,CONSTRUCTION,France,Nantes,,https://www.kaolin.example/accueil,Kaolin,Consent,2025-08-10
Olivier,Duval,olivier.duval@brightpath.example,+33279538164,Responsable achats,40,Brightpath,FINANCIAL_SERVICES,France,Rennes,,https://www.brightpath.example/accueil,Brightpath,Consent,2026-05-05
Rémi,Chevalier,remi.chevalier@brightpath.example,+33185790647,Chargé de projet,5,Brightpath,COMPUTER_SOFTWARE,France,Lyon,,https://www.brightpath.example/accueil,Brightpath,Legitimate interest – existing customer,2022-08-02
Paul,Van Damme,paul.vandamme@irisoptique.example,+33571252967,Directeur,120,Iris Optique,RETAIL,France,Marseille,,https://www.irisoptique.example/accueil,Iris Optique,,2024-07-21
Claire,Benali,claire.benali@ateliernord.example,+33754728123,CTO,12,Atelier Nord,COMPUTER_SOFTWARE,France,Marseille,,https://www.ateliernord.example/accueil,Atelier Nord,,2020-07-18
Marc,Marchand,marc.marchand@ateliernord.example,+33411307240,Chargé de projet,40,Atelier Nord,COMPUTER_SOFTWARE,France,Lille,,https://www.ateliernord.example/accueil,Atelier Nord,Legitimate interest – existing customer,2025-04-26
Hugo,De la Fontaine,hugo.delafontaine@roseaupaysage.example,+33568507451,Directeur,40,Roseau Paysage,MARKETING_AND_ADVERTISING,France,Nantes,,https://www.roseaupaysage.example/accueil,Roseau Paysage,Legitimate interest – existing customer,2024-10-10
Amina,Van Damme,amina.vandamme@lorettefils.example,+33647323549,CTO,500,Lorette & Fils,FINANCIAL_SERVICES,France,Nantes,,https://www.lorettefils.example/accueil,Lorette & Fils,Consent,2025-04-30
Hugo,Fontaine,hugo.fontaine@menhirdata.example,+33665313614,Chargé de projet,40,Menhir Data,RETAIL,France,Lille,,https://www.menhirdata.example/accueil,Menhir Data,,2023-09-22
Inès,Marchand,ines.marchand@roseaupaysage.example,+33659167954,Directeur,12,Roseau Paysage,FINANCIAL_SERVICES,France,Marseille,,https://www.roseaupaysage.example/accueil,Roseau Paysage,Consent,2026-01-01
Victor,Girard,victor.girard@irisoptique.example,+33140703491,Directeur,40,Iris Optique,COMPUTER_SOFTWARE,France,Paris,,https://www.irisoptique.example/accueil,Iris Optique,,2021-01-01
Camille,De la Fontaine,camille.delafontaine@sablier.example,+33339852989,CTO,5,Sablier,RETAIL,France,Rennes,,https://www.sablier.example/accueil,Sablier,Consent,2024-11-20
Sarah,Lambert,sarah.lambert@sablier.example,+33715914975,Directeur,500,Sablier,MARKETING_AND_ADVERTISING,France,Lille,,https://www.sablier.example/accueil,Sablier,Consent,2025-11-06
Antoine,Moreau,antoine.moreau@roseaupaysage.example,+33640793110,Responsable achats,12,Roseau Paysage,COMPUTER_SOFTWARE,France,Nantes,,https://www.roseaupaysage.example/accueil,Roseau Paysage,Legitimate interest – existing customer,2024-09-23
Manon,Nguyen,manon.nguyen@lorettefils.example,+33367238497,Directeur,12,Lorette & Fils,MARKETING_AND_ADVERTISING,France,Lyon,,https://www.lorettefils.example/accueil,Lorette & Fils,Consent,2025-11-03
Victor,Benali,victor.benali@kaolin.example,+33319754661,Chargé de projet,40,Kaolin,RETAIL,France,Paris,,https://www.kaolin.example/accueil,Kaolin,Consent,2021-01-28
Marc,Moreau,marc.moreau@brightpath.example,+33424461767,Responsable achats,40,Brightpath,FINANCIAL_SERVICES,France,Lille,,https://www.brightpath.example/accueil,Brightpath,,2020-02-24
Leïla,Perrin,leila.perrin@lorettefils.example,+33123117753,Responsable achats,5,Lorette & Fils,COMPUTER_SOFTWARE,France,Lille,,https://www.lorettefils.example/accueil,Lorette & Fils,,2025-09-15
Camille,Roux,camille.roux@irisoptique.example,+33651241893,CTO,5,Iris Optique,FINANCIAL_SERVICES,France,Nantes,,https://www.irisoptique.example/accueil,Iris Optique,,2023-08-24
Amina,Duval,amina.duval@verso.example,+33462668217,Directeur,40,Verso,RETAIL,France,Paris,,https://www.verso.example/accueil,Verso,Legitimate interest – existing customer,2021-01-21
Thomas,François,thomas.francois@ateliernord.example,+33689003010,Responsable achats,40,Atelier Nord,CONSTRUCTION,France,Lille,,https://www.ateliernord.example/accueil,Atelier Nord,Consent,2026-05-08
Thomas,Marchand,thomas.marchand@dynamolab.example,+33611148375,Responsable achats,500,Dynamo Lab,CONSTRUCTION,France,Rennes,,https://www.dynamolab.example/accueil,Dynamo Lab,Consent,2022-01-01
Amina,Van Damme,amina.vandamme@kaolin.example,+33262680408,CTO,500,Kaolin,MARKETING_AND_ADVERTISING,France,Rennes,,https://www.kaolin.example/accueil,Kaolin,Legitimate interest – existing customer,2025-12-19
Sarah,Duval,sarah.duval@kaolin.example,+33683609149,CTO,40,Kaolin,CONSTRUCTION,France,Rennes,,https://www.kaolin.example/accueil,Kaolin,,2026-01-18
Sophie,Roux,sophie.roux@dynamolab.example,+33603102879,CTO,40,Dynamo Lab,CONSTRUCTION,France,Paris,,https://www.dynamolab.example/accueil,Dynamo Lab,Consent,2024-10-25
Manon,Leroy,manon.leroy@ateliernord.example,+33490261139,Chargé de projet,5,Atelier Nord,FINANCIAL_SERVICES,France,Nantes,,https://www.ateliernord.example/accueil,Atelier Nord,Consent,2022-08-09
Manon,Leroy,manon.leroy@kaolin.example,+33294353537,CTO,120,Kaolin,CONSTRUCTION,France,Paris,,https://www.kaolin.example/accueil,Kaolin,,2022-11-28
Camille,Girard,camille.girard@sablier.example,+33786652683,CTO,500,Sablier,FINANCIAL_SERVICES,France,Paris,,https://www.sablier.example/accueil,Sablier,Consent,2024-12-23
Manon,Blanc,manon.blanc@irisoptique.example,+33375098898,Chargé de projet,12,Iris Optique,MARKETING_AND_ADVERTISING,France,Paris,,https://www.irisoptique.example/accueil,Iris Optique,Consent,2025-05-18
Élodie,De la Fontaine,elodie.delafontaine@verso.example,+33551542144,Chargé de projet,40,Verso,FINANCIAL_SERVICES,France,Rennes,,https://www.verso.example/accueil,Verso,Legitimate interest – existing customer,2023-05-06
Thomas,Chevalier,thomas.chevalier@dynamolab.example,+33582090883,Directeur,40,Dynamo Lab,FINANCIAL_SERVICES,France,Nantes,,https://www.dynamolab.example/accueil,Dynamo Lab,Consent,2025-05-21
Inès,Nguyen,ines.nguyen@verso.example,+33306185380,Directeur,12,Verso,CONSTRUCTION,France,Nantes,,https://www.verso.example/accueil,Verso,Legitimate interest – existing customer,2025-08-19
Antoine,Girard,antoine.girard@kaolin.example,+33218306178,Responsable achats,40,Kaolin,FINANCIAL_SERVICES,France,Nantes,,https://www.kaolin.example/accueil,Kaolin,Consent,2023-04-18
Leïla,Roux,leila.roux@brightpath.example,+33624347769,CTO,12,Brightpath,COMPUTER_SOFTWARE,France,Rennes,,https://www.brightpath.example/accueil,Brightpath,,2021-01-12
Lucas,Nguyen,lucas.nguyen@brightpath.example,+33412751562,Chargé de projet,5,Brightpath,CONSTRUCTION,France,Marseille,,https://www.brightpath.example/accueil,Brightpath,Consent,2023-09-09
Manon,Benali,manon.benali@brightpath.example,+33286342556,Responsable achats,5,Brightpath,COMPUTER_SOFTWARE,France,Rennes,,https://www.brightpath.example/accueil,Brightpath,Consent,2020-06-16
Olivier,Leroy,olivier.leroy@lorettefils.example,+33244033041,Chargé de projet,5,Lorette & Fils,COMPUTER_SOFTWARE,France,Paris,,https://www.lorettefils.example/accueil,Lorette & Fils,Consent,2021-01-09
Manon,Blanc,manon.blanc@roseaupaysage.example,+33364520599,Chargé de projet,120,Roseau Paysage,FINANCIAL_SERVICES,France,Nantes,,https://www.roseaupaysage.example/accueil,Roseau Paysage,,2025-10-20
Manon,Fontaine,manon.fontaine@dynamolab.example,+33404164485,CTO,40,Dynamo Lab,FINANCIAL_SERVICES,France,Bordeaux,,https://www.dynamolab.example/accueil,Dynamo Lab,Legitimate interest – existing customer,2020-04-30
Marc,Chevalier,contact@menhir-data.example,+33474186520,CTO,12,Menhir Data,FINANCIAL_SERVICES,France,Lille,,https://www.dynamolab.example/accueil,Dynamo Lab,Legitimate interest – existing customer,2021-07-24
Amina,O'Brien,amina.obrien@dynamolab.example,+33383094515,CTO,40,Dynamo Lab,RETAIL,France,Nantes,,https://www.dynamolab.example/accueil,Dynamo Lab,Legitimate interest – existing customer,2026-05-06
Julien,Nguyen,julien.nguyen@menhirdata.example,+33784390552,CTO,5,Menhir Data,COMPUTER_SOFTWARE,France,Lyon,,https://www.menhirdata.example/accueil,Menhir Data,Consent,2022-12-09
Sophie,Chevalier,sophie.chevalier@sablier.example,+33149386204,CTO,120,Sablier,FINANCIAL_SERVICES,France,Rennes,,https://www.sablier.example/accueil,Sablier,Consent,2024-07-12
Nadia,Blanc,nadia.blanc@kaolin.example,+33121259020,Responsable achats,12,Kaolin,CONSTRUCTION,France,Rennes,,https://www.kaolin.example/accueil,Kaolin,Consent,2025-06-22
Élodie,Moreau,elodie.moreau@irisoptique.example,+33642429563,Responsable achats,40,Iris Optique,RETAIL,France,Marseille,,https://www.irisoptique.example/accueil,Iris Optique,Legitimate interest – existing customer,2025-11-12
Antoine,O'Brien,antoine.obrien@ateliernord.example,+33787209628,Responsable achats,12,Atelier Nord,CONSTRUCTION,France,Bordeaux,,https://www.ateliernord.example/accueil,Atelier Nord,Consent,2022-05-21
Leïla,De la Fontaine,leila.delafontaine@lorettefils.example,+33359576403,Directeur,120,Lorette & Fils,FINANCIAL_SERVICES,France,Paris,,https://www.lorettefils.example/accueil,Lorette & Fils,Legitimate interest – existing customer,2021-02-25
Élodie,Girard,elodie.girard@irisoptique.example,+33233613285,Directeur,120,Iris Optique,FINANCIAL_SERVICES,France,Bordeaux,,https://www.irisoptique.example/accueil,Iris Optique,,2023-01-06
Élodie,Fontaine,elodie.fontaine@lorettefils.example,+33216252654,Chargé de projet,120,Lorette & Fils,FINANCIAL_SERVICES,France,Paris,,https://www.lorettefils.example/accueil,Lorette & Fils,Legitimate interest – existing customer,2021-04-07
Marc,De la Fontaine,marc.delafontaine@dynamolab.example,+33470462268,Directeur,120,Dynamo Lab,COMPUTER_SOFTWARE,France,Lyon,,https://www.dynamolab.example/accueil,Dynamo Lab,,2023-04-08
Sophie,Blanc,sophie.blanc@verso.example,+33407660464,Directeur,40,Verso,FINANCIAL_SERVICES,France,Marseille,,https://www.verso.example/accueil,Verso,Legitimate interest – existing customer,2022-02-27
Marc,De la Fontaine,marc.delafontaine@verso.example,+33120594389,Chargé de projet,5,Verso,COMPUTER_SOFTWARE,France,Rennes,,https://www.verso.example/accueil,Verso,,2022-03-01
Sarah,Blance,paul.petit@brightpath.example,+33432181227,Chargé de projet,12,Sablier,FINANCIAL_SERVICES,France,Lille,,https://www.brightpath.example/accueil,Sablier,,2026-01-20
Leïla,Marchand,leila.marchand@dynamolab.example,+33768653694,CTO,500,Dynamo Lab,FINANCIAL_SERVICES,France,Lille,,https://www.dynamolab.example/accueil,Dynamo Lab,,2024-09-05
Marc,Nguyen,marc.nguyen@verso.example,+33752371006,Chargé de projet,500,Verso,COMPUTER_SOFTWARE,France,Bordeaux,,https://www.verso.example/accueil,Verso,Consent,2025-03-20
Claire,Moreau,claire.moreau@roseaupaysage.example,+33315177345,CTO,40,Roseau Paysage,FINANCIAL_SERVICES,France,Marseille,,https://www.roseaupaysage.example/accueil,Roseau Paysage,Consent,2021-01-19
Julien,Moreau,julien.moreau@dynamolab.example,+33135954429,CTO,12,Dynamo Lab,MARKETING_AND_ADVERTISING,France,Lyon,,https://www.dynamolab.example/accueil,Dynamo Lab,Consent,2020-08-11
Rémi,Van Damme,remi.vandamme@irisoptique.example,+33739429045,Chargé de projet,12,Iris Optique,FINANCIAL_SERVICES,France,Rennes,,https://www.irisoptique.example/accueil,Iris Optique,Consent,2023-11-28
Olivier,Benali,olivier.benali@brightpath.example,+33508335061,CTO,500,Brightpath,FINANCIAL_SERVICES,France,Rennes,,https://www.brightpath.example/accueil,Brightpath,Legitimate interest – existing customer,2020-11-13
Julien,Nguyen,julien.nguyen@ateliernord.example,+33242337209,CTO,5,Atelier Nord,MARKETING_AND_ADVERTISING,France,Lille,,https://www.ateliernord.example/accueil,Atelier Nord,,2020-08-07
Julien,Benali,julien.benali@roseaupaysage.example,+33797718051,Responsable achats,120,Roseau Paysage,MARKETING_AND_ADVERTISING,France,Paris,,https://www.roseaupaysage.example/accueil,Roseau Paysage,Consent,2023-09-23
Claire,Leroy,claire.leroy@kaolin.example,+33644835488,CTO,120,Kaolin,COMPUTER_SOFTWARE,France,Marseille,,https://www.kaolin.example/accueil,Kaolin,Consent,2020-09-11
Antoine,Marchand,antoine.marchand@brightpath.example,+33355746966,Directeur,12,Brightpath,RETAIL,France,Rennes,,https://www.brightpath.example/accueil,Brightpath,,2024-11-02
Olivier,Fontaine,olivier.fontaine@dynamolab.example,+33762294938,Directeur,500,Dynamo Lab,CONSTRUCTION,France,Lille,,https://www.dynamolab.example/accueil,Dynamo Lab,Consent,2025-08-19
Rémi,Duval,remi.duval@dynamolab.example,+33655732573,Chargé de projet,40,Dynamo Lab,FINANCIAL_SERVICES,France,Bordeaux,,https://www.dynamolab.example/accueil,Dynamo Lab,Legitimate interest – existing customer,2025-09-13
Nadia,François,nadia.francois@gmail.example,+33718281979,Responsable achats,120,Atelier Nord,RETAIL,France,Bordeaux,,https://www.ateliernord.example/accueil,Atelier Nord,Legitimate interest – existing customer,2025-06-06
Lucas,Benali,lucas.benali@roseaupaysage.example,+33374817006,Chargé de projet,40,Roseau Paysage,COMPUTER_SOFTWARE,France,Nantes,,https://www.roseaupaysage.example/accueil,Roseau Paysage,Consent,2025-06-12
Rémi,Roux,remi.roux@sablier.example,+33145023290,Responsable achats,5,Sablier,COMPUTER_SOFTWARE,France,Lille,,https://www.sablier.example/accueil,Sablier,Legitimate interest – existing customer,2022-02-03
Rémi,O'Brien,remi.obrien@ateliernord.example,+33422822512,Directeur,40,Atelier Nord,CONSTRUCTION,France,Lille,,https://www.ateliernord.example/accueil,Atelier Nord,,2021-10-23
Camille,Duval,camille.duval@brightpath.example,+33626086982,Responsable achats,5,Brightpath,RETAIL,France,Paris,,https://www.brightpath.example/accueil,Brightpath,Legitimate interest – existing customer,2026-02-22
Antoine,Nguyen,antoine.nguyen@lorettefils.example,+33290477425,CTO,120,Lorette & Fils,FINANCIAL_SERVICES,France,Lyon,,https://www.lorettefils.example/accueil,Lorette & Fils,Legitimate interest – existing customer,2020-06-11
Leïla,Chevalier,leila.chevalier@dynamolab.example,+33329060320,Responsable achats,120,Dynamo Lab,CONSTRUCTION,France,Paris,,https://www.dynamolab.example/accueil,Dynamo Lab,Consent,2022-10-14
Manon,Lambert,manon.lambert@verso.example,+33282521293,Responsable achats,40,Verso,COMPUTER_SOFTWARE,France,Nantes,,https://www.verso.example/accueil,Verso,,2022-05-25
Manon,Marchand,manon.marchand@verso.example,+33697374189,Chargé de projet,5,Verso,RETAIL,France,Rennes,,https://www.verso.example/accueil,Verso,,2025-04-24
Sarah,Blanc,sarah.blanc@verso.example,+33760392051,CTO,40,Verso,CONSTRUCTION,France,Marseille,,https://www.verso.example/accueil,Verso,Legitimate interest – existing customer,2026-01-17
Inès,Nguyen,ines.nguyen@menhirdata.example,+33642388565,Responsable achats,500,Menhir Data,FINANCIAL_SERVICES,France,Bordeaux,,https://www.menhirdata.example/accueil,Menhir Data,Legitimate interest – existing customer,2022-10-28
Claire,Marchand,claire.marchand@sablier.example,+33459726347,CTO,12,Sablier,CONSTRUCTION,France,Paris,,https://www.sablier.example/accueil,Sablier,Legitimate interest – existing customer,2025-06-13
Amina,Moreau,amina.moreau@lorettefils.example,+33749915370,Responsable achats,120,Lorette & Fils,MARKETING_AND_ADVERTISING,France,Rennes,,https://www.lorettefils.example/accueil,Lorette & Fils,Consent,2025-04-20
Thomas,Roux,thomas.roux@roseaupaysage.example,+33732043097,Chargé de projet,12,Roseau Paysage,FINANCIAL_SERVICES,France,Lille,,https://www.roseaupaysage.example/accueil,Roseau Paysage,,2021-07-11
Leïla,Van Damme,leila.vandamme@irisoptique.example,+33455358512,CTO,500,Iris Optique,RETAIL,France,Lille,,https://www.irisoptique.example/accueil,Iris Optique,,2022-05-20
Olivier,Perrin,olivier.perrin@roseaupaysage.example,+33683749079,Chargé de projet,12,Roseau Paysage,COMPUTER_SOFTWARE,France,Lille,,https://www.roseaupaysage.example/accueil,Roseau Paysage,,2022-07-23
Victor,Lambert,victor.lambert@brightpath.example,+33215149409,Chargé de projet,12,Brightpath,RETAIL,France,Marseille,,https://www.brightpath.example/accueil,Brightpath,Consent,2021-02-12
Thomas,Perrin,thomas.perrin@dynamolab.example,+33671511696,Chargé de projet,40,Dynamo Lab,MARKETING_AND_ADVERTISING,France,Paris,,https://www.dynamolab.example/accueil,Dynamo Lab,,2024-06-06
Hugo,Petit,hugo.petit@dynamolab.example,+33156409951,Responsable achats,500,Dynamo Lab,MARKETING_AND_ADVERTISING,France,Marseille,,https://www.dynamolab.example/accueil,Dynamo Lab,Legitimate interest – existing customer,2026-06-11
Julien,Fontaine,julien.fontaine@ateliernord.example,+33158998868,Responsable achats,12,Atelier Nord,CONSTRUCTION,France,Bordeaux,,https://www.ateliernord.example/accueil,Atelier Nord,,2025-05-10
Amina,De la Fontaine,amina.delafontaine@lorettefils.example,+33171587964,Chargé de projet,5,Lorette & Fils,MARKETING_AND_ADVERTISING,France,Paris,,https://www.lorettefils.example/accueil,Lorette & Fils,,2025-07-16
Leïla,Blanc,leila.blanc@verso.example,+33308004635,Directeur,40,Verso,COMPUTER_SOFTWARE,France,Lyon,,https://www.verso.example/accueil,Verso,Legitimate interest – existing customer,2024-07-08
Sarah,Girard,sarah@wanadoo.f,+33637399006,Responsable achats,12,Roseau Paysage,CONSTRUCTION,France,Lyon,,https://www.roseaupaysage.example/accueil,Roseau Paysage,,2022-11-15
Thomas,O'Brien,thomas.obrien@lorettefils.example,+33293946943,CTO,120,Lorette & Fils,RETAIL,France,Marseille,,https://www.lorettefils.example/accueil,Lorette & Fils,Legitimate interest – existing customer,2025-12-17
Antoine,Chevalier,antoine.chevalier@ateliernord.example,+33407231112,Chargé de projet,40,Atelier Nord,RETAIL,France,Marseille,,https://www.ateliernord.example/accueil,Atelier Nord,Consent,2026-05-07
Rémi,Marchand,remi.marchand@ateliernord.example,+33716318732,Directeur,12,Atelier Nord,COMPUTER_SOFTWARE,France,Rennes,,https://www.ateliernord.example/accueil,Atelier Nord,,2023-07-13
Marc,François,marc.francois@sablier.example,+33557279083,Responsable achats,5,Sablier,MARKETING_AND_ADVERTISING,France,Marseille,,https://www.sablier.example/accueil,Sablier,,2023-10-02
Paul,Leroy,paul.leroy@irisoptique.example,+33285011688,Directeur,40,Iris Optique,COMPUTER_SOFTWARE,France,Lyon,,https://www.irisoptique.example/accueil,Iris Optique,Legitimate interest – existing customer,2020-03-21
Thomas,Duval,thomas.duval@lorettefils.example,+33769130981,Directeur,500,Lorette & Fils,RETAIL,France,Nantes,,https://www.lorettefils.example/accueil,Lorette & Fils,Consent,2026-06-04
Thomas,Fontaine,thomas.fontaine@ateliernord.example,+33677278532,CTO,40,Atelier Nord,MARKETING_AND_ADVERTISING,France,Marseille,,https://www.ateliernord.example/accueil,Atelier Nord,Consent,2023-08-29
Camille,De la Fontaine,camille.delafontaine@irisoptique.example,+33468362536,Chargé de projet,120,Iris Optique,RETAIL,France,Marseille,,https://www.irisoptique.example/accueil,Iris Optique,,2024-11-06
Leïla,Moreau,leila.moreau@lorettefils.example,+33732657327,CTO,5,Lorette & Fils,COMPUTER_SOFTWARE,France,Paris,,https://www.lorettefils.example/accueil,Lorette & Fils,Legitimate interest – existing customer,2020-01-06
Julien,Da Silva,julien.dasilva@sablier.example,+33223415959,Chargé de projet,40,Sablier,COMPUTER_SOFTWARE,France,Rennes,,https://www.sablier.example/accueil,Sablier,Consent,2022-12-13
Marc,Moreau,marc.moreau@dynamolab.example,+33596288743,Directeur,5,Dynamo Lab,MARKETING_AND_ADVERTISING,France,Nantes,,https://www.dynamolab.example/accueil,Dynamo Lab,,2021-10-22
Amina,Fontaine,amina.fontaine@dynamolab.example,+33757992707,CTO,12,Dynamo Lab,MARKETING_AND_ADVERTISING,France,Lille,,https://www.dynamolab.example/accueil,Dynamo Lab,,2026-03-29
Antoine,Da Silva,antoine.dasilva@dynamolab.example,+33644765047,Directeur,500,Dynamo Lab,COMPUTER_SOFTWARE,France,Bordeaux,,https://www.dynamolab.example/accueil,Dynamo Lab,Consent,2025-11-17
Camille,Marchand,camille.marchand@lorettefils.example,+33460465586,Chargé de projet,40,Lorette & Fils,FINANCIAL_SERVICES,France,Lyon,,https://www.lorettefils.example/accueil,Lorette & Fils,,2024-03-23
Victor,Blanc,victor.blanc@roseaupaysage.example,+33713253269,CTO,120,Roseau Paysage,CONSTRUCTION,France,Rennes,,https://www.roseaupaysage.example/accueil,Roseau Paysage,,2025-01-27
Paul,François,paul.francois@ateliernord.example,+33757575747,CTO,500,Atelier Nord,MARKETING_AND_ADVERTISING,France,Paris,,https://www.ateliernord.example/accueil,Atelier Nord,Consent,2023-07-10
Marc,Moreau,marc.moreau@ateliernord.example,+33106724530,Chargé de projet,40,Atelier Nord,MARKETING_AND_ADVERTISING,France,Lyon,,https://www.ateliernord.example/accueil,Atelier Nord,,2024-05-26
Sophie,Perrin,sophie.perrin@brightpath.example,+33479417634,Responsable achats,12,Brightpath,COMPUTER_SOFTWARE,France,Marseille,,https://www.brightpath.example/accueil,Brightpath,,2025-07-20
Paul,Fontaine,paul.fontaine@verso.example,+33375983399,Directeur,500,Verso,FINANCIAL_SERVICES,France,Marseille,,https://www.verso.example/accueil,Verso,Legitimate interest – existing customer,2024-10-28
Amina,De la Fontaine,amina.delafontaine@menhirdata.example,+33224006157,Responsable achats,12,Menhir Data,FINANCIAL_SERVICES,France,Nantes,,https://www.menhirdata.example/accueil,Menhir Data,,2023-02-13
Amina,Mercier,amina.mercier@menhirdata.example,+33362590459,Directeur,5,Menhir Data,COMPUTER_SOFTWARE,France,Lyon,,https://www.menhirdata.example/accueil,Menhir Data,Legitimate interest – existing customer,2021-08-05
Olivier,Leroy,olivier.leroy@dynamolab.example,+33755516517,Chargé de projet,12,Dynamo Lab,FINANCIAL_SERVICES,France,Rennes,,https://www.dynamolab.example/accueil,Dynamo Lab,Legitimate interest – existing customer,2023-10-30
Élodie,Nguyen,elodie.nguyen@dynamolab.example,+33743308003,Chargé de projet,12,Dynamo Lab,MARKETING_AND_ADVERTISING,France,Lille,,https://www.dynamolab.example/accueil,Dynamo Lab,,2025-03-03
Claire,Van Damme,claire.vandamme@lorettefils.example,+33370681039,Directeur,40,Lorette & Fils,COMPUTER_SOFTWARE,France,Lille,,https://www.lorettefils.example/accueil,Lorette & Fils,,2026-04-01
Olivier,Marchand,olivier.marchand@kaolin.example,+33686321061,Responsable achats,500,Kaolin,CONSTRUCTION,France,Marseille,,https://www.kaolin.example/accueil,Kaolin,,2026-02-20
Julien,Roux,julien.roux@ateliernord.example,+33504032537,Chargé de projet,500,Atelier Nord,MARKETING_AND_ADVERTISING,France,Nantes,,https://www.ateliernord.example/accueil,Atelier Nord,,2023-08-20
Victor,Perrin,victor.perrin@irisoptique.example,+33510090040,CTO,5,Iris Optique,CONSTRUCTION,France,Lyon,,https://www.irisoptique.example/accueil,Iris Optique,Consent,2023-09-05
Élodie,De la Fontaine,elodie.delafontaine@brightpath.example,+33404014247,Responsable achats,12,Brightpath,COMPUTER_SOFTWARE,France,Paris,,https://www.brightpath.example/accueil,Brightpath,Legitimate interest – existing customer,2025-08-11
Leïla,Lambert,leila.lambert@sablier.example,+33373404337,Directeur,120,Sablier,MARKETING_AND_ADVERTISING,France,Bordeaux,,https://www.sablier.example/accueil,Sablier,Consent,2023-04-25
Julien,Marchand,julien.marchand@brightpath.example,+33377825588,Responsable achats,12,Brightpath,FINANCIAL_SERVICES,France,Nantes,,https://www.brightpath.example/accueil,Brightpath,,2025-06-21
Sarah,O'Brien,sarah.obrien@irisoptique.example,+33778656194,Responsable achats,500,Iris Optique,MARKETING_AND_ADVERTISING,France,Paris,,https://www.irisoptique.example/accueil,Iris Optique,,2024-10-22
Manon,Moreau,manon.moreau@ateliernord.example,+33629236161,Directeur,500,Atelier Nord,MARKETING_AND_ADVERTISING,France,Bordeaux,,https://www.ateliernord.example/accueil,Atelier Nord,Legitimate interest – existing customer,2022-08-19
Claire,Fontaine,claire.fontaine@sablier.example,+33758686395,Chargé de projet,12,Sablier,MARKETING_AND_ADVERTISING,France,Bordeaux,,https://www.sablier.example/accueil,Sablier,Legitimate interest – existing customer,2022-10-24
Nadia,François,nadia.francois@roseaupaysage.example,+33453970548,Chargé de projet,5,Roseau Paysage,MARKETING_AND_ADVERTISING,France,Lille,,https://www.roseaupaysage.example/accueil,Roseau Paysage,Consent,2025-05-29
Camille,Leroy,camille.leroy@kaolin.example,+33274968049,Directeur,120,Kaolin,CONSTRUCTION,France,Rennes,,https://www.kaolin.example/accueil,Kaolin,Legitimate interest – existing customer,2025-09-08
Olivier,De la Fontaine,olivier.delafontaine@kaolin.example,+33486111457,Chargé de projet,5,Kaolin,MARKETING_AND_ADVERTISING,France,Paris,,https://www.kaolin.example/accueil,Kaolin,Consent,2026-02-01
Julien,Leroy,julien.leroy@menhirdata.example,+33649804253,Chargé de projet,120,Menhir Data,MARKETING_AND_ADVERTISING,France,Paris,,https://www.menhirdata.example/accueil,Menhir Data,Legitimate interest – existing customer,2025-03-14
Amina,Mercier,amina.mercier@verso.example,+33628217819,Responsable achats,12,Verso,CONSTRUCTION,France,Nantes,,https://www.verso.example/accueil,Verso,Legitimate interest – existing customer,2025-09-01
Nadia,De la Fontaine,nadia.delafontaine@ateliernord.example,+33512054647,CTO,120,Atelier Nord,FINANCIAL_SERVICES,France,Nantes,,https://www.ateliernord.example/accueil,Atelier Nord,,2026-03-01
Inès,Petit,ines.petit@verso.example,+33216309001,CTO,120,Verso,MARKETING_AND_ADVERTISING,France,Lyon,,https://www.verso.example/accueil,Verso,Legitimate interest – existing customer,2020-06-17
Inès,Fontaine,ines.fontaine@sablier.example,+33763379223,CTO,120,Sablier,FINANCIAL_SERVICES,France,Rennes,,https://www.sablier.example/accueil,Sablier,Consent,2025-05-23
Amina,Nguyen,amina.nguyen@roseaupaysage.example,+33716772696,Directeur,120,Roseau Paysage,FINANCIAL_SERVICES,France,Marseille,,https://www.roseaupaysage.example/accueil,Roseau Paysage,,2023-11-10
Thomas,Van Damme,thomas.vandamme@ateliernord.example,+33693170695,CTO,120,Atelier Nord,RETAIL,France,Paris,,https://www.ateliernord.example/accueil,Atelier Nord,,2021-03-13
Nadia,Perrin,nadia.perrin@verso.example,+33184724264,Responsable achats,500,Verso,COMPUTER_SOFTWARE,France,Lyon,,https://www.verso.example/accueil,Verso,Legitimate interest – existing customer,2025-11-25
Marc,Moreau,marc.moreau@verso.example,+33705248088,Directeur,120,Verso,MARKETING_AND_ADVERTISING,France,Rennes,,https://www.verso.example/accueil,Verso,Legitimate interest – existing customer,2024-05-14
Rémi,Petit,remi.petit@ateliernord.example,+33445057303,Chargé de projet,12,Atelier Nord,CONSTRUCTION,France,Nantes,,https://www.ateliernord.example/accueil,Atelier Nord,Legitimate interest – existing customer,2021-11-02
Victor,Chevalier,victor.chevalier@menhirdata.example,+33685076597,CTO,5,Menhir Data,FINANCIAL_SERVICES,France,Lille,,https://www.menhirdata.example/accueil,Menhir Data,Legitimate interest – existing customer,2026-03-09
Nadia,Roux,nadia.roux@kaolin.example,+33411759574,CTO,12,Kaolin,FINANCIAL_SERVICES,France,Lille,,https://www.kaolin.example/accueil,Kaolin,Consent,2024-08-09
Sophie,De la Fontaine,sophie.delafontaine@kaolin.example,+33143776936,Chargé de projet,12,Kaolin,CONSTRUCTION,France,Lyon,,https://www.kaolin.example/accueil,Kaolin,Consent,2026-02-13
Claire,Blanc,claire.blanc@lorettefils.example,+33110286712,Directeur,12,Lorette & Fils,CONSTRUCTION,France,Rennes,,https://www.lorettefils.example/accueil,Lorette & Fils,,2025-07-14
Hugo,Blanc,hugo.blanc@sablier.example,+33351091090,Responsable achats,40,Sablier,FINANCIAL_SERVICES,France,Marseille,,https://www.sablier.example/accueil,Sablier,Consent,2026-01-04
Manon,François,manon.francois@ateliernord.example,+33179428179,Responsable achats,40,Atelier Nord,MARKETING_AND_ADVERTISING,France,Bordeaux,,https://www.ateliernord.example/accueil,Atelier Nord,,2023-04-10
Sarah,O'Brien,sarah.obrien@verso.example,+33666345337,Responsable achats,5,Verso,FINANCIAL_SERVICES,France,Paris,,https://www.verso.example/accueil,Verso,Legitimate interest – existing customer,2023-01-10
Olivier,Nguyen,olivier.nguyen@dynamolab.example,+33145593766,Directeur,120,Dynamo Lab,COMPUTER_SOFTWARE,France,Marseille,,https://www.dynamolab.example/accueil,Dynamo Lab,Legitimate interest – existing customer,2024-10-15
Amina,Benali,amina.benali@brightpath.example,+33146277657,Responsable achats,500,Brightpath,MARKETING_AND_ADVERTISING,France,Paris,,https://www.brightpath.example/accueil,Brightpath,Legitimate interest – existing customer,2025-09-21
Inès,De la Fontaine,ines.delafontaine@sablier.example,+33202389743,Responsable achats,40,Sablier,FINANCIAL_SERVICES,France,Marseille,,https://www.sablier.example/accueil,Sablier,,2021-01-01
Sarah,Lambert,sarah.lambert@irisoptique.example,+33491767993,CTO,40,Iris Optique,COMPUTER_SOFTWARE,France,Rennes,,https://www.irisoptique.example/accueil,Iris Optique,Legitimate interest – existing customer,2022-09-25
Thomas,François,thomas.francois@irisoptique.example,+33775188781,Chargé de projet,40,Iris Optique,COMPUTER_SOFTWARE,France,Marseille,,https://www.irisoptique.example/accueil,Iris Optique,Legitimate interest – existing customer,2024-06-15
Amina,Benali,amina.benali@verso.example,+33191122528,Responsable achats,40,Verso,RETAIL,France,Rennes,,https://www.verso.example/accueil,Verso,,2023-08-28
Camille,Blanc,camille.blanc@brightpath.example,+33356057121,Directeur,500,Brightpath,FINANCIAL_SERVICES,France,Bordeaux,,https://www.brightpath.example/accueil,Brightpath,,2026-04-09
Olivier,Perrin,olivier.perrin@menhirdata.example,+33386401042,CTO,120,Menhir Data,COMPUTER_SOFTWARE,France,Lille,,https://www.menhirdata.example/accueil,Menhir Data,,2022-11-28
Nadia,Da Silva,nadia.dasilva@irisoptique.example,+33119017075,Chargé de projet,500,Iris Optique,FINANCIAL_SERVICES,France,Rennes,,https://www.irisoptique.example/accueil,Iris Optique,Legitimate interest – existing customer,2025-11-17
Julien,De la Fontaine,julien.delafontaine@roseaupaysage.example,+33784526969,CTO,40,Roseau Paysage,FINANCIAL_SERVICES,France,Nantes,,https://www.roseaupaysage.example/accueil,Roseau Paysage,Legitimate interest – existing customer,2022-02-08
Olivier,Van Damme,olivier.vandamme@ateliernord.example,+33329291320,Responsable achats,120,Atelier Nord,MARKETING_AND_ADVERTISING,France,Lyon,,https://www.ateliernord.example/accueil,Atelier Nord,,2024-04-26
Olivier,Blanc,olivier.blanc@menhirdata.example,+33106153722,Directeur,500,Menhir Data,CONSTRUCTION,France,Nantes,,https://www.menhirdata.example/accueil,Menhir Data,Consent,2024-02-09
Élodie,Moreau,elodie.moreau@roseaupaysage.example,+33237746040,Chargé de projet,120,Roseau Paysage,FINANCIAL_SERVICES,France,Marseille,,https://www.roseaupaysage.example/accueil,Roseau Paysage,Legitimate interest – existing customer,2022-02-05
Manon,Marchand,manon.marchand@lorettefils.example,+33513443899,Responsable achats,5,Lorette & Fils,CONSTRUCTION,France,Rennes,,https://www.lorettefils.example/accueil,Lorette & Fils,Consent,2026-03-27
Victor,De la Fontaine,victor.delafontaine@ateliernord.example,+33432146449,Responsable achats,120,Atelier Nord,RETAIL,France,Lille,,https://www.ateliernord.example/accueil,Atelier Nord,Legitimate interest – existing customer,2022-08-21
Lucas,Mercier,lucas.mercier@sablier.example,+33572333510,CTO,40,Sablier,FINANCIAL_SERVICES,France,Nantes,,https://www.sablier.example/accueil,Sablier,Legitimate interest – existing customer,2025-04-24
Nadia,Da Silva,nadia.dasilva@roseaupaysage.example,+33749830748,Responsable achats,12,Roseau Paysage,RETAIL,France,Marseille,,https://www.roseaupaysage.example/accueil,Roseau Paysage,Legitimate interest – existing customer,2025-02-17
Nadia,Leroy,nadia.leroy@ateliernord.example,+33306557820,Directeur,12,Atelier Nord,MARKETING_AND_ADVERTISING,France,Rennes,,https://www.ateliernord.example/accueil,Atelier Nord,Legitimate interest – existing customer,2023-11-22
Camille,Benali,camille.benali@lorettefils.example,+33787191203,Directeur,12,Lorette & Fils,COMPUTER_SOFTWARE,France,Lille,,https://www.lorettefils.example/accueil,Lorette & Fils,Legitimate interest – existing customer,2023-02-24
Antoine,Benali,antoine.benali@dynamolab.example,+33618297168,Directeur,40,Dynamo Lab,CONSTRUCTION,France,Paris,,https://www.dynamolab.example/accueil,Dynamo Lab,Legitimate interest – existing customer,2023-12-28
Camille,Duval,camille.duval@menhirdata.example,+33329113717,CTO,40,Menhir Data,CONSTRUCTION,France,Nantes,,https://www.menhirdata.example/accueil,Menhir Data,Consent,2026-02-14
Olivier,Leroy,olivier.leroy@irisoptique.example,+33218299874,Chargé de projet,40,Iris Optique,FINANCIAL_SERVICES,France,Lille,,https://www.irisoptique.example/accueil,Iris Optique,Legitimate interest – existing customer,2023-03-10
Claire,Van Damme,claire.vandamme@kaolin.example,+33400900436,CTO,500,Kaolin,CONSTRUCTION,France,Lille,,https://www.kaolin.example/accueil,Kaolin,Legitimate interest – existing customer,2026-01-04
Amina,Van Damme,amina.vandamme@ateliernord.example,+33424835505,CTO,500,Atelier Nord,COMPUTER_SOFTWARE,France,Bordeaux,,https://www.ateliernord.example/accueil,Atelier Nord,,2025-01-31
Inès,Leroy,ines.leroy@sablier.example,+33604428773,Responsable achats,5,Sablier,RETAIL,France,Marseille,,https://www.sablier.example/accueil,Sablier,Legitimate interest – existing customer,2020-03-25
Rémi,Chevalier,remi.chevalier@sablier.example,+33764625540,Responsable achats,500,Sablier,MARKETING_AND_ADVERTISING,France,Marseille,,https://www.sablier.example/accueil,Sablier,Legitimate interest – existing customer,2021-04-13
Julien,Da Silva,julien.dasilva@menhirdata.example,+33604333353,CTO,12,Menhir Data,MARKETING_AND_ADVERTISING,France,Rennes,,https://www.menhirdata.example/accueil,Menhir Data,Legitimate interest – existing customer,2023-03-20
Nadia,Petit,nadia.petit@ateliernord.example,+33418093391,Responsable achats,40,Atelier Nord,MARKETING_AND_ADVERTISING,France,Paris,,https://www.ateliernord.example/accueil,Atelier Nord,,2021-05-13
Lucas,Petit,lucas.petit@verso.example,+33503657744,Directeur,12,Verso,RETAIL,France,Marseille,,https://www.verso.example/accueil,Verso,Consent,2025-01-11
Hugo,Moreau,hugo.moreau@menhirdata.example,+33511894184,Responsable achats,5,Menhir Data,FINANCIAL_SERVICES,France,Lyon,,https://www.menhirdata.example/accueil,Menhir Data,,2025-08-10
Lucas,Lambert,lucas.lambert@brightpath.example,+33337666081,Directeur,5,Brightpath,MARKETING_AND_ADVERTISING,France,Rennes,,https://www.brightpath.example/accueil,Brightpath,Legitimate interest – existing customer,2026-03-23
Manon,Nguyen,manon.nguyen@roseaupaysage.example,+33278826033,CTO,5,Roseau Paysage,CONSTRUCTION,France,Nantes,,https://www.roseaupaysage.example/accueil,Roseau Paysage,Consent,2022-08-15
Camille,Perrin,camille.perrin@menhirdata.example,+33591449207,CTO,500,Menhir Data,FINANCIAL_SERVICES,France,Bordeaux,,https://www.menhirdata.example/accueil,Menhir Data,,2020-10-09
Paul,Blanc,paul.blanc@lorettefils.example,+33699718428,CTO,40,Lorette & Fils,FINANCIAL_SERVICES,France,Paris,,https://www.lorettefils.example/accueil,Lorette & Fils,,2023-02-20
Camille,Marchand,camille.marchand@menhirdata.example,+33612996508,Responsable achats,12,Menhir Data,RETAIL,France,Bordeaux,,https://www.menhirdata.example/accueil,Menhir Data,,2022-08-07
Olivier,Van Damme,olivier.vandamme@verso.example,+33139500168,Directeur,40,Verso,FINANCIAL_SERVICES,France,Paris,,https://www.verso.example/accueil,Verso,Consent,2024-03-13
Claire,Lambert,claire.lambert@kaolin.example,+33283976205,Responsable achats,120,Kaolin,RETAIL,France,Nantes,,https://www.kaolin.example/accueil,Kaolin,Consent,2021-11-21
Rémi,Van Damme,remi.vandamme@dynamolab.example,+33266292508,Directeur,5,Dynamo Lab,MARKETING_AND_ADVERTISING,France,Lille,,https://www.dynamolab.example/accueil,Dynamo Lab,Consent,2025-10-23
Paul,François,paul.francois@irisoptique.example,+33584133373,Directeur,12,Iris Optique,CONSTRUCTION,France,Nantes,,https://www.irisoptique.example/accueil,Iris Optique,Legitimate interest – existing customer,2026-03-17
Lucas,Chevalier,lucas.chevalier@irisoptique.example,+33434167812,Chargé de projet,5,Iris Optique,COMPUTER_SOFTWARE,France,Rennes,,https://www.irisoptique.example/accueil,Iris Optique,Legitimate interest – existing customer,2025-11-14
Nadia,Fontaine,nadia.fontaine@ateliernord.example,+33134862985,Chargé de projet,120,Atelier Nord,MARKETING_AND_ADVERTISING,France,Rennes,,https://www.ateliernord.example/accueil,Atelier Nord,Consent,2020-06-13
Thomas,Petit,thomas.petit@verso.example,+33656053970,Chargé de projet,5,Verso,RETAIL,France,Nantes,,https://www.verso.example/accueil,Verso,Consent,2024-06-23
